Workbook

Sheet 発注データ入力
A1: 発注日 | B1: 商品コード | C1: 商品名 | D1: 単価 | E1: 数量 | F1: 合計金額 | G1: 備考 | I1: VLOOKUP(B7,商品マスタ!A:C,2,FALSE)
A2: 46244 | B2: A001 | C2: =VLOOKUP(B2,商品マスタ!A:C,2,FALSE) -> ノートPC | D2: 120000 | E2: 3 | F2: =D2*E2 -> 360000 | G2: 急ぎ
A3: 46244 | B3: A003 | C3: =VLOOKUP(B3,商品マスタ!A:C,2,FALSE) -> キーボード | D3: 2000 | E3: 5 | F3: =D3*E3 -> 10000
A4: 46244 | B4: A002 | C4: =VLOOKUP(B4,商品マスタ!A:C,2,FALSE) -> マウス | D4: 1000 | E4: 15 | F4: =D4*E4 -> 15000
A5: 46245 | B5: A004 | C5: =VLOOKUP(B5,商品マスタ!A:C,2,FALSE) -> モニター | D5: 12000 | E5: 4 | F5: =D5*E5 -> 48000 | G5: 通常
A6: 46246 | B6: A001 | C6: =VLOOKUP(B6,商品マスタ!A:C,2,FALSE) -> ノートPC | D6: 140000 | E6: 3 | F6: =D6*E6 -> 420000 | G6: 急ぎ
A7: 46247 | B7: A002 | C7: =VLOOKUP(B7,商品マスタ!A:C,2,FALSE) -> マウス | D7: 1000 | E7: 4 | F7: =D7*E7 -> 4000 | G7: 発注
A8: 46248 | B8: A003 | C8: =VLOOKUP(B8,商品マスタ!A:C,2,FALSE) -> キーボード | D8: 1500 | E8: 5 | F8: =D8*E8 -> 7500 | G8: 見積
A9: 46249 | B9: A004 | C9: =VLOOKUP(B9,商品マスタ!A:C,2,FALSE) -> モニター | D9: 15000 | E9: 1 | F9: =D9*E9 -> 15000 | G9: 急ぎ
A10: 46250 | B10: A005 | C10: =VLOOKUP(B10,商品マスタ!A:C,2,FALSE) -> #N/A
A11: 46251 | B11: A006 | C11: =VLOOKUP(B11,商品マスタ!A:C,2,FALSE) -> #N/A
A12: 46252 | B12: A007 | C12: =VLOOKUP(B12,商品マスタ!A:C,2,FALSE) -> #N/A
A13: 46253 | B13: A008 | C13: =VLOOKUP(B13,商品マスタ!A:C,2,FALSE) -> #N/A
A14: 46254 | B14: A009 | C14: =VLOOKUP(B14,商品マスタ!A:C,2,FALSE) -> #N/A
A15: 46255 | B15: A010 | C15: =VLOOKUP(B15,商品マスタ!A:C,2,FALSE) -> #N/A

Sheet 発注データ入力_AI図解
A1: 発注日 | B1: 商品コード | C1: 商品名 | D1: 単価 | E1: 数量 | F1: 合計金額 | G1: 備考 | I1: VLOOKUP(B7,商品マスタ!A:C,2,FALSE)
A2: 46244 | B2: A001 | C2: =VLOOKUP(B2,商品マスタ!A:C,2,FALSE) -> ノートPC | D2: 120000 | E2: 3 | F2: =D2*E2 -> 360000 | G2: 急ぎ
A3: 46244 | B3: A003 | C3: =VLOOKUP(B3,商品マスタ!A:C,2,FALSE) -> キーボード | D3: 2000 | E3: 5 | F3: =D3*E3 -> 10000
A4: 46244 | B4: A002 | C4: =VLOOKUP(B4,商品マスタ!A:C,2,FALSE) -> マウス | D4: 1000 | E4: 15 | F4: =D4*E4 -> 15000
A5: 46245 | B5: A004 | C5: =VLOOKUP(B5,商品マスタ!A:C,2,FALSE) -> モニター | D5: 12000 | E5: 4 | F5: =D5*E5 -> 48000 | G5: 通常
A6: 46246 | B6: A001 | C6: =VLOOKUP(B6,商品マスタ!A:C,2,FALSE) -> ノートPC | D6: 140000 | E6: 3 | F6: =D6*E6 -> 420000 | G6: 急ぎ
A7: 46247 | B7: A002 | C7: =VLOOKUP(B7,商品マスタ!A:C,2,FALSE) -> マウス | D7: 1000 | E7: 4 | F7: =D7*E7 -> 4000 | G7: 発注
A8: 46248 | B8: A003 | C8: =VLOOKUP(B8,商品マスタ!A:C,2,FALSE) -> キーボード | D8: 1500 | E8: 5 | F8: =D8*E8 -> 7500 | G8: 見積
A9: 46249 | B9: A004 | C9: =VLOOKUP(B9,商品マスタ!A:C,2,FALSE) -> モニター | D9: 15000 | E9: 1 | F9: =D9*E9 -> 15000 | G9: 急ぎ
A10: 46250 | B10: A005 | C10: =VLOOKUP(B10,商品マスタ!A:C,2,FALSE) -> #N/A
A11: 46251 | B11: A006 | C11: =VLOOKUP(B11,商品マスタ!A:C,2,FALSE) -> #N/A
A12: 46252 | B12: A007 | C12: =VLOOKUP(B12,商品マスタ!A:C,2,FALSE) -> #N/A
A13: 46253 | B13: A008 | C13: =VLOOKUP(B13,商品マスタ!A:C,2,FALSE) -> #N/A
A14: 46254 | B14: A009 | C14: =VLOOKUP(B14,商品マスタ!A:C,2,FALSE) -> #N/A
A15: 46255 | B15: A010 | C15: =VLOOKUP(B15,商品マスタ!A:C,2,FALSE) -> #N/A

Sheet 商品マスタ
A1: 商品コード | B1: 商品名 | C1: 単価
A2: A001 | B2: ノートPC | C2: 120000
A3: A002 | B3: マウス | C3: 3500
A4: A003 | B4: キーボード | C4: 8000
A5: A004 | B5: モニター | C5: 25000
