Workbook

Sheet マスタ
A1: No | B1: データ番号 | C1: 機材名 | D1: 単価 | E1: 数量 | F1: 合計金額
A2: 1 | B2: A001 | C2: =VLOOKUP(B2,データマスタ!$A$1:$B$4,2,FALSE) -> PC | D2: 120000 | E2: 5 | F2: =D2*E2 -> 600000
A3: 2 | B3: A002 | C3: =VLOOKUP(B3,データマスタ!$A$1:$B$4,2,FALSE) -> モニタ | D3: 15000 | E3: 2 | F3: =D3*E3 -> 30000
A4: 3 | B4: A003 | C4: =VLOOKUP(B4,データマスタ!$A$1:$B$4,2,FALSE) -> キーボード | D4: 1500 | E4: 1 | F4: =D4*E4 -> 1500
A5: 4 | B5: A004 | C5: =VLOOKUP(B5,データマスタ!$A$1:$B$4,2,FALSE) -> マウス | D5: 1000 | E5: 4 | F5: =D5*E5 -> 4000
A6: 5 | B6: A001 | C6: =VLOOKUP(B6,データマスタ!$A$1:$B$4,2,FALSE) -> PC | D6: 120000 | E6: 5 | F6: =D6*E6 -> 600000
A7: 6 | B7: A002 | C7: =VLOOKUP(B7,データマスタ!$A$1:$B$4,2,FALSE) -> モニタ | D7: 15000 | E7: 1 | F7: =D7*E7 -> 15000
A8: 7 | B8: A003 | C8: =VLOOKUP(B8,データマスタ!$A$1:$B$4,2,FALSE) -> キーボード | D8: 1500 | E8: 3 | F8: =D8*E8 -> 4500
A9: 8 | B9: A004 | C9: =VLOOKUP(B9,データマスタ!$A$1:$B$4,2,FALSE) -> マウス | D9: 1000 | E9: 2 | F9: =D9*E9 -> 2000
A10: 9 | B10: A001 | C10: =VLOOKUP(B10,データマスタ!$A$1:$B$4,2,FALSE) -> PC | D10: 120000 | E10: 4 | F10: =D10*E10 -> 480000
A11: 10 | B11: A002 | C11: =VLOOKUP(B11,データマスタ!$A$1:$B$4,2,FALSE) -> モニタ | D11: 15000 | E11: 5 | F11: =D11*E11 -> 75000
A12: 11 | B12: A003 | C12: =VLOOKUP(B12,データマスタ!$A$1:$B$4,2,FALSE) -> キーボード | D12: 1500 | E12: 6 | F12: =D12*E12 -> 9000
A13: 12 | B13: A004 | C13: =VLOOKUP(B13,データマスタ!$A$1:$B$4,2,FALSE) -> マウス | D13: 1000 | E13: 1 | F13: =D13*E13 -> 1000
... A29: 28 | B29: A004 | C29: =VLOOKUP(B29,データマスタ!$A$1:$B$4,2,FALSE) -> マウス | D29: 1000 | E29: 1 | F29: =D29*E29 -> 1000
F30: =SUM(F2:F29) -> 2982500

Sheet データマスタ
A1: A001 | B1: PC
A2: A002 | B2: モニタ
A3: A003 | B3: キーボード
A4: A004 | B4: マウス
