Workbook

Sheet 発注データ入力
A1: 発注日 | B1: 商品コード | C1: 商品名 | D1: 単価 | E1: 数量 | F1: 合計金額 | G1: 消費税 | H1: 備考 | J1: VLOOKUP(B7,商品マスタ!A:C,2,FALSE)
A2: 46246 | B2: A001 | C2: =VLOOKUP(B2,商品マスタ!A:C,2,FALSE) -> ノートPC | D2: 140000 | E2: 3 | F2: =D2*E2 -> 420000 | G2: =F2*1.1-F2 -> 42000 | H2: 見積 | J2: 1 | K2: A001 | L2: =VLOOKUP(K2,[1]データマスタ!$A$1:$B$4,2,FALSE) -> PC | M2: 120000 | N2: 5 | O2: =M2*N2 -> 600000
A3: 46247 | B3: A001 | C3: =VLOOKUP(B3,商品マスタ!A:C,2,FALSE) -> ノートPC | D3: 140000 | E3: 3 | F3: =D3*E3 -> 420000 | G3: =F3*1.1-F3 -> 42000 | H3: 調査 | J3: 2 | K3: A002 | L3: =VLOOKUP(K3,[1]データマスタ!$A$1:$B$4,2,FALSE) -> モニタ | M3: 15000 | N3: 2 | O3: =M3*N3 -> 30000
A4: 46248 | B4: A001 | C4: =VLOOKUP(B4,商品マスタ!A:C,2,FALSE) -> ノートPC | D4: 140000 | E4: 3 | F4: =D4*E4 -> 420000 | G4: =F4*1.1-F4 -> 42000 | H4: 調査 | J4: 3 | K4: A003 | L4: =VLOOKUP(K4,[1]データマスタ!$A$1:$B$4,2,FALSE) -> キーボード | M4: 1500 | N4: 1 | O4: =M4*N4 -> 1500
A5: 46249 | B5: A001 | C5: =VLOOKUP(B5,商品マスタ!A:C,2,FALSE) -> ノートPC | D5: 140000 | E5: 2 | F5: =D5*E5 -> 280000 | G5: =F5*1.1-F5 -> 28000 | H5: 見積 | J5: 4 | K5: A004 | L5: =VLOOKUP(K5,[1]データマスタ!$A$1:$B$4,2,FALSE) -> マウス | M5: 1000 | N5: 4 | O5: =M5*N5 -> 4000
A6: 46250 | B6: A001 | C6: =VLOOKUP(B6,商品マスタ!A:C,2,FALSE) -> ノートPC | D6: 140000 | E6: 1 | F6: =D6*E6 -> 140000 | G6: =F6*1.1-F6 -> 14000 | H6: 調査 | J6: 5 | K6: A001 | L6: =VLOOKUP(K6,[1]データマスタ!$A$1:$B$4,2,FALSE) -> PC | M6: 120000 | N6: 5 | O6: =M6*N6 -> 600000
A7: 46251 | B7: A002 | C7: =VLOOKUP(B7,商品マスタ!A:C,2,FALSE) -> マウス | D7: 1000 | E7: 2 | F7: =D7*E7 -> 2000 | G7: =F7*1.1-F7 -> 200 | H7: 調査 | J7: 6 | K7: A002 | L7: =VLOOKUP(K7,[1]データマスタ!$A$1:$B$4,2,FALSE) -> モニタ | M7: 15000 | N7: 1 | O7: =M7*N7 -> 15000
A8: 46252 | B8: A002 | C8: =VLOOKUP(B8,商品マスタ!A:C,2,FALSE) -> マウス | D8: 1000 | E8: 3 | F8: =D8*E8 -> 3000 | G8: =F8*1.1-F8 -> 300 | H8: 見積 | J8: 7 | K8: A003 | L8: =VLOOKUP(K8,[1]データマスタ!$A$1:$B$4,2,FALSE) -> キーボード | M8: 1500 | N8: 3 | O8: =M8*N8 -> 4500
A9: 46253 | B9: A002 | C9: =VLOOKUP(B9,商品マスタ!A:C,2,FALSE) -> マウス | D9: 1000 | E9: 1 | F9: =D9*E9 -> 1000 | G9: =F9*1.1-F9 -> 100 | H9: 調査 | J9: 8 | K9: A004 | L9: =VLOOKUP(K9,[1]データマスタ!$A$1:$B$4,2,FALSE) -> マウス | M9: 1000 | N9: 2 | O9: =M9*N9 -> 2000
A10: 46254 | B10: A002 | C10: =VLOOKUP(B10,商品マスタ!A:C,2,FALSE) -> マウス | D10: 1000 | E10: 2 | F10: =D10*E10 -> 2000 | G10: =F10*1.1-F10 -> 200 | H10: 調査 | J10: 9 | K10: A001 | L10: =VLOOKUP(K10,[1]データマスタ!$A$1:$B$4,2,FALSE) -> PC | M10: 120000 | N10: 4 | O10: =M10*N10 -> 480000
A11: 46255 | B11: A002 | C11: =VLOOKUP(B11,商品マスタ!A:C,2,FALSE) -> マウス | D11: 1000 | E11: 3 | F11: =D11*E11 -> 3000 | G11: =F11*1.1-F11 -> 300 | H11: 見積 | J11: 10 | K11: A002 | L11: =VLOOKUP(K11,[1]データマスタ!$A$1:$B$4,2,FALSE) -> モニタ | M11: 15000 | N11: 5 | O11: =M11*N11 -> 75000
A12: 46244 | B12: A003 | C12: =VLOOKUP(B12,商品マスタ!A:C,2,FALSE) -> キーボード | D12: 2000 | E12: 5 | F12: =D12*E12 -> 10000 | G12: =F12*1.1-F12 -> 1000 | H12: 急ぎ | J12: 11 | K12: A003 | L12: =VLOOKUP(K12,[1]データマスタ!$A$1:$B$4,2,FALSE) -> キーボード | M12: 1500 | N12: 6 | O12: =M12*N12 -> 9000
A13: 46251 | B13: A003 | C13: =VLOOKUP(B13,商品マスタ!A:C,2,FALSE) -> キーボード | D13: 2000 | E13: 1 | F13: =D13*E13 -> 2000 | G13: =F13*1.1-F13 -> 200 | H13: 見積 | J13: 12 | K13: A004 | L13: =VLOOKUP(K13,[1]データマスタ!$A$1:$B$4,2,FALSE) -> マウス | M13: 1000 | N13: 1 | O13: =M13*N13 -> 1000
... A17: 46257 | B17: A004 | C17: =VLOOKUP(B17,商品マスタ!A:C,2,FALSE) -> モニター | D17: 15000 | E17: 2 | F17: =D17*E17 -> 30000 | G17: =F17*1.1-F17 -> 3000 | H17: 調査 | J17: 16 | K17: A004 | L17: =VLOOKUP(K17,[1]データマスタ!$A$1:$B$4,2,FALSE) -> マウス | M17: 1000 | N17: 6 | O17: =M17*N17 -> 6000
A18: 46258 | B18: A004 | C18: =VLOOKUP(B18,商品マスタ!A:C,2,FALSE) -> モニター | D18: 15000 | E18: 3 | F18: =D18*E18 -> 45000 | G18: =F18*1.1-F18 -> 4500 | H18: 見積
A19: 46259 | B19: A004 | C19: =VLOOKUP(B19,商品マスタ!A:C,2,FALSE) -> モニター | D19: 15000 | E19: 1 | F19: =D19*E19 -> 15000 | G19: =F19*1.1-F19 -> 1500 | H19: 見積

Sheet 商品マスタ
A1: 商品コード | B1: 商品名 | C1: 単価
A2: A001 | B2: ノートPC | C2: 120000
A3: A002 | B3: マウス | C3: 3500
A4: A003 | B4: キーボード | C4: 8000
A5: A004 | B5: モニター | C5: 25000
