Workbook

Sheet Sheet1
A1: カタチラ番号(em310) | B1: カタチラ名(em310) | C1: 品目cd(em310) | D1: 注文番号(em310) | E1: 更新除外(品目) | F1: 更新除外(注文番号) | G1: カタチラ品目名(em310) | H1: カタチラ品目名2(em311) | I1: 追加表示1 | J1: 追加表示2 | K1: 追加表示3 | L1: サイト表示品名 | M1: 商品名の頭に追加するKW | N1: マクロあと | O1: 商品名追加KW | P1: まとめ買いKW | Q1: 分類KW | R1: 足し算 | S1: メーカー名(em120_2) | T1: 販売荷姿cd(em310) | U1: 販売荷姿名(em170) | V1: カタチラ中分類cd(em311) | W1: カタチラ小分類cd(em311) | X1: カタチラ細分類cd(em311) | Y1: 品目大分類cd(em160) | Z1: 品目大分類名(em50) | AA1: 品目中分類cd(em160) | AB1: 品目中分類名(em380) | AC1: 品目小分類cd(em163) | AD1: 品目小分類名(em381) | AE1: 品目細分類cd(em163) | AF1: 品目細分類名(em382) | AG1: 発売日YYMMDD(em163)
A2: 111 | B2: ココデカウ（楽天市場） | C2: J600AM | D2: R0251T | E2: =VLOOKUP(C2,[1]更新除外!$B:$F,5,0) -> #N/A | F2: =VLOOKUP(D2,[1]更新除外!$D:$F,3,0) -> #N/A | G2: 富士手袋/合皮手袋 ﾌﾞﾚﾘｽｽﾄﾛﾝｸﾞｷｬｯﾁ ﾌﾞﾙｰ迷彩 L | I2: 【お取り寄せ】 | L2: 【お取り寄せ】富士手袋 合皮手袋 ﾌﾞﾚﾘｽｽﾄﾛﾝｸﾞｷｬｯﾁ ﾌﾞﾙｰ迷彩 L | N2: 【お取り寄せ】富士手袋 合皮手袋 ブレリスストロングキャッチ ブルー迷彩 L | Q2: ポリウレタン手袋 革手袋 合皮手袋 ＰＵ手袋 作業用手袋 | R2: 【お取り寄せ】富士手袋 合皮手袋 ブレリスストロングキャッチ ブルー迷彩 L ポリウレタン手袋 革手袋 合皮手袋 ＰＵ手袋 作業用手袋 | S2: 富士手袋工業 | T2: 12 | U2: 双 | V2: 415 | W2: 41502 | X2: 101870 | Y2: 17 | Z2: 梱包・作業用品 | AA2: 1716 | AB2: 作業用手袋／軍足 | AC2: 171610 | AD2: 革手袋・合皮手袋・ＰＵ手袋 | AE2: 17161035 | AF2: ポリウレタン手袋 | AG2: 211224
A3: 111 | B3: ココデカウ（楽天市場） | C3: J682ER | D3: R9344U | E3: =VLOOKUP(C3,[1]更新除外!$B:$F,5,0) -> #N/A | F3: =VLOOKUP(D3,[1]更新除外!$D:$F,3,0) -> #N/A | G3: ﾌｰﾊﾞｰ ﾏｲｸﾛﾌｧｲﾊﾞｰｸﾞﾛｰﾌﾞ ｲﾝｻｲﾄﾞﾍﾞﾙﾄﾓﾃﾞﾙ 黒/ｷｬﾒﾙ L/ | I3: 【お取り寄せ】 | L3: 【お取り寄せ】ﾌｰﾊﾞｰ ﾏｲｸﾛﾌｧｲﾊﾞｰｸﾞﾛｰﾌﾞ ｲﾝｻｲﾄﾞﾍﾞﾙﾄﾓﾃﾞﾙ 黒 ｷｬﾒﾙ L | N3: 【お取り寄せ】フーバー マイクロファイバーグローブ インサイドベルトモデル 黒 キャメル L | Q3: ポリウレタン手袋 革手袋 合皮手袋 ＰＵ手袋 作業用手袋 | R3: 【お取り寄せ】フーバー マイクロファイバーグローブ インサイドベルトモデル 黒 キャメル L ポリウレタン手袋 革手袋 合皮手袋 ＰＵ手袋 作業用手袋 | S3: おたふく手袋 | T3: 12 | U3: 双 | V3: 415 | W3: 41502 | X3: 100691 | Y3: 17 | Z3: 梱包・作業用品 | AA3: 1716 | AB3: 作業用手袋／軍足 | AC3: 171610 | AD3: 革手袋・合皮手袋・ＰＵ手袋 | AE3: 17161035 | AF3: ポリウレタン手袋 | AG3: 211224
A4: 111 | B4: ココデカウ（楽天市場） | C4: J8836W | D4: R679KB | E4: =VLOOKUP(C4,[1]更新除外!$B:$F,5,0) -> #N/A | F4: =VLOOKUP(D4,[1]更新除外!$D:$F,3,0) -> #N/A | G4: ﾗｲｵﾝ事務器/電動ﾊﾟﾝﾁ 2穴式 穿孔500枚 DP-500S/20170 | H4: ﾗｲｵﾝ事務器/電動ﾊﾟﾝﾁ 2穴式 穿孔500枚 DP-500S/20170 | I4: 【メーカー直送】 | K4: 【代引不可】 | L4: 【メーカー直送】ﾗｲｵﾝ事務器 電動ﾊﾟﾝﾁ 2穴式 穿孔500枚 DP-500S 20170【代引不可】 | N4: 【メーカー直送】ライオン事務器 電動パンチ 2穴式 穿孔500枚 DP-500S 20170【代引不可】 | Q4: オートパワーパンチ 電動 パンチ 文具 事務 | R4: 【メーカー直送】ライオン事務器 電動パンチ 2穴式 穿孔500枚 DP-500S 20170【代引不可】 オートパワーパンチ 電動 パンチ 文具 事務 | S4: ライオン事務器 | T4: 12 | U4: 台 | V4: 401 | W4: 40109 | X4: 401712 | Y4: 6 | Z4: 文具・事務用品 | AA4: 605 | AB4: 切る、貼る、留める用品 | AC4: 60525 | AD4: パンチ | AE4: 6052515 | AF4: オートパワーパンチ（電動） | AG4: 241115
A5: 111 | B5: ココデカウ（楽天市場） | C5: 3622BA | D5: R087NV | E5: =VLOOKUP(C5,[1]更新除外!$B:$F,5,0) -> #N/A | F5: =VLOOKUP(D5,[1]更新除外!$D:$F,3,0) -> #N/A | G5: ｱｰﾙ･ｴﾌ･ﾔﾏｶﾜ/indice ﾌﾞｯｸｴﾝﾄﾞ 5色ｾｯﾄ/RFBS-JP | H5: ｱｰﾙ･ｴﾌ･ﾔﾏｶﾜ/indice ﾌﾞｯｸｴﾝﾄﾞ 5色ｾｯﾄ/RFBS-JP | I5: 【メーカー直送】 | K5: 【代引不可】 | L5: 【メーカー直送】ｱｰﾙ･ｴﾌ･ﾔﾏｶﾜ indice ﾌﾞｯｸｴﾝﾄﾞ 5色ｾｯﾄ RFBS-JP【代引不可】 | N5: 【メーカー直送】アール・エフ・ヤマカワ indice ブックエンド 5色セット RFBS-JP【代引不可】 | Q5: 本立て ブックスタンド デスクトップ収納 デスク周り 文具 | R5: 【メーカー直送】アール・エフ・ヤマカワ indice ブックエンド 5色セット RFBS-JP【代引不可】 本立て ブックスタンド デスクトップ収納 デスク周り 文具 | S5: アール・エフ・ヤマカワＳＨ | T5: 12 | U5: 台 | V5: 401 | W5: 40101 | X5: 301692 | Y5: 6 | Z5: 文具・事務用品 | AA5: 610 | AB5: デスク周り用品 | AC5: 61005 | AD5: デスクトップ収納 | AE5: 6100530 | AF5: 本立て／ブックスタンド | AG5: 260703
A6: 111 | B6: ココデカウ（楽天市場） | C6: J87484 | D6: RD5596 | E6: =VLOOKUP(C6,[1]更新除外!$B:$F,5,0) -> #N/A | F6: =VLOOKUP(D6,[1]更新除外!$D:$F,3,0) -> #N/A | G6: ﾌｼﾞﾃｯｸｽ/PET製仕切りﾎﾞｰﾄﾞ Mｻｲｽﾞ/1611204005 | I6: 【メーカー直送】 | K6: 【代引不可】【お客様組立】 | L6: 【メーカー直送】ﾌｼﾞﾃｯｸｽ PET製仕切りﾎﾞｰﾄﾞ Mｻｲｽﾞ 1611204005【代引不可】【お客様組立】 | N6: 【メーカー直送】フジテックス PET製仕切りボード Mサイズ 1611204005【代引不可】【お客様組立】 | Q6: デスク周り 文具 | R6: 【メーカー直送】フジテックス PET製仕切りボード Mサイズ 1611204005【代引不可】【お客様組立】 デスク周り 文具 | S6: フジテックス | T6: 12 | U6: ｾｯﾄ | V6: 401 | W6: 40101 | X6: 205749 | Y6: 6 | Z6: 文具・事務用品 | AA6: 610 | AB6: デスク周り用品 | AC6: 61090 | AD6: その他 | AE6: 6109005 | AF6: その他 | AG6: 200709
A7: 111 | B7: ココデカウ（楽天市場） | C7: J87485 | D7: RD5597 | E7: =VLOOKUP(C7,[1]更新除外!$B:$F,5,0) -> #N/A | F7: =VLOOKUP(D7,[1]更新除外!$D:$F,3,0) -> #N/A | G7: ﾌｼﾞﾃｯｸｽ/PET製仕切りﾎﾞｰﾄﾞ Sｻｲｽﾞ/1611204004 | I7: 【メーカー直送】 | K7: 【代引不可】【お客様組立】 | L7: 【メーカー直送】ﾌｼﾞﾃｯｸｽ PET製仕切りﾎﾞｰﾄﾞ Sｻｲｽﾞ 1611204004【代引不可】【お客様組立】 | N7: 【メーカー直送】フジテックス PET製仕切りボード Sサイズ 1611204004【代引不可】【お客様組立】 | Q7: デスク周り 文具 | R7: 【メーカー直送】フジテックス PET製仕切りボード Sサイズ 1611204004【代引不可】【お客様組立】 デスク周り 文具 | S7: フジテックス | T7: 12 | U7: ｾｯﾄ | V7: 401 | W7: 40101 | X7: 205749 | Y7: 6 | Z7: 文具・事務用品 | AA7: 610 | AB7: デスク周り用品 | AC7: 61090 | AD7: その他 | AE7: 6109005 | AF7: その他 | AG7: 200709
A8: 111 | B8: ココデカウ（楽天市場） | C8: J690PX | D8: R5112R | E8: =VLOOKUP(C8,[1]更新除外!$B:$F,5,0) -> #N/A | F8: =VLOOKUP(D8,[1]更新除外!$D:$F,3,0) -> #N/A | G8: ｺｸﾖ/ｵﾌｨｽﾗｳﾝｼﾞ ｴﾆｰｿﾌｧ 背なし ｵﾘｰﾌﾞｲｴﾛｰ | I8: 【メーカー直送】 | K8: 【代引不可】【組立・設置・送料無料】 | L8: 【メーカー直送】ｺｸﾖ ｵﾌｨｽﾗｳﾝｼﾞ ｴﾆｰｿﾌｧ 背なし ｵﾘｰﾌﾞｲｴﾛｰ【代引不可】【組立・設置・送料無料】 | N8: 【メーカー直送】コクヨ オフィスラウンジ エニーソファ 背なし オリーブイエロー【代引不可】【組立・設置・送料無料】 | Q8: キャスター脚 カフェ ラウンジチェア ミーティングチェア オフィス家具 | R8: 【メーカー直送】コクヨ オフィスラウンジ エニーソファ 背なし オリーブイエロー【代引不可】【組立・設置・送料無料】 キャスター脚 カフェ ラウンジチェア ミーティングチェア オフィス家具 | S8: コクヨ | T8: 12 | U8: 脚 | V8: 405 | W8: 40501 | X8: 205754 | Y8: 20 | Z8: オフィス家具 | AA8: 2013 | AB8: ミーティングチェア | AC8: 201350 | AD8: カフェ・ラウンジチェア | AE8: 20135010 | AF8: キャスター脚 | AG8: 230623
A9: 111 | B9: ココデカウ（楽天市場） | C9: J691PX | D9: R5113R | E9: =VLOOKUP(C9,[1]更新除外!$B:$F,5,0) -> #N/A | F9: =VLOOKUP(D9,[1]更新除外!$D:$F,3,0) -> #N/A | G9: ｺｸﾖ/ｵﾌｨｽﾗｳﾝｼﾞ ｴﾆｰｿﾌｧ 背なし ｱｯｼｭﾀｰｺｲｽﾞ | I9: 【メーカー直送】 | K9: 【代引不可】【組立・設置・送料無料】 | L9: 【メーカー直送】ｺｸﾖ ｵﾌｨｽﾗｳﾝｼﾞ ｴﾆｰｿﾌｧ 背なし ｱｯｼｭﾀｰｺｲｽﾞ【代引不可】【組立・設置・送料無料】 | N9: 【メーカー直送】コクヨ オフィスラウンジ エニーソファ 背なし アッシュターコイズ【代引不可】【組立・設置・送料無料】 | Q9: キャスター脚 カフェ ラウンジチェア ミーティングチェア オフィス家具 | R9: 【メーカー直送】コクヨ オフィスラウンジ エニーソファ 背なし アッシュターコイズ【代引不可】【組立・設置・送料無料】 キャスター脚 カフェ ラウンジチェア ミーティングチェア オフィス家具 | S9: コクヨ | T9: 12 | U9: 脚 | V9: 405 | W9: 40501 | X9: 205754 | Y9: 20 | Z9: オフィス家具 | AA9: 2013 | AB9: ミーティングチェア | AC9: 201350 | AD9: カフェ・ラウンジチェア | AE9: 20135010 | AF9: キャスター脚 | AG9: 230623
A10: 111 | B10: ココデカウ（楽天市場） | C10: 939204 | D10: R20238 | E10: =VLOOKUP(C10,[1]更新除外!$B:$F,5,0) -> #N/A | F10: =VLOOKUP(D10,[1]更新除外!$D:$F,3,0) -> #N/A | G10: 薬)本草製薬/ｾﾝﾅ錠-T ﾋﾟﾝｸ 220錠 | I10: 【お取り寄せ】 | J10: 【第(2)類医薬品】 | L10: 【お取り寄せ】【第(2)類医薬品】薬)本草製薬 ｾﾝﾅ錠-T ﾋﾟﾝｸ 220錠 | N10: 【お取り寄せ】【第(2)類医薬品】薬)本草製薬 センナ錠-T ピンク 220錠 | Q10: 錠剤 便秘薬 浣腸 医薬品 | R10: 【お取り寄せ】【第(2)類医薬品】薬)本草製薬 センナ錠-T ピンク 220錠 錠剤 便秘薬 浣腸 医薬品 | S10: 本草製薬 | T10: 12 | U10: 本 | V10: 131 | W10: 13105 | X10: 564520 | Y10: 40 | Z10: 医薬品 | AA10: 4025 | AB10: 便秘薬・浣腸 | AC10: 402505 | AD10: 便秘薬 | AE10: 40250505 | AF10: 錠剤 | AG10: 150121
A11: 111 | B11: ココデカウ（楽天市場） | C11: 938258 | D11: R19315 | E11: =VLOOKUP(C11,[1]更新除外!$B:$F,5,0) -> #N/A | F11: =VLOOKUP(D11,[1]更新除外!$D:$F,3,0) -> #N/A | G11: 薬)久光製薬/快腹丸 660錠(15錠X44包) | I11: 【お取り寄せ】 | J11: 【第(2)類医薬品】 | L11: 【お取り寄せ】【第(2)類医薬品】薬)久光製薬 快腹丸 660錠(15錠X44包) | N11: 【お取り寄せ】【第(2)類医薬品】薬)久光製薬 快腹丸 660錠(15錠X44包) | Q11: 錠剤 便秘薬 浣腸 医薬品 | R11: 【お取り寄せ】【第(2)類医薬品】薬)久光製薬 快腹丸 660錠(15錠X44包) 錠剤 便秘薬 浣腸 医薬品 | S11: 久光製薬 | T11: 12 | U11: 箱 | V11: 131 | W11: 13105 | X11: 564520 | Y11: 40 | Z11: 医薬品 | AA11: 4025 | AB11: 便秘薬・浣腸 | AC11: 402505 | AD11: 便秘薬 | AE11: 40250505 | AF11: 錠剤 | AG11: 150121
A12: 111 | B12: ココデカウ（楽天市場） | C12: 630845 | D12: R35373 | E12: =VLOOKUP(C12,[1]更新除外!$B:$F,5,0) -> #N/A | F12: =VLOOKUP(D12,[1]更新除外!$D:$F,3,0) -> #N/A | G12: ★薬)久光製薬/ｱﾚｸﾞﾗFX 14錠 | I12: 【お取り寄せ】 | J12: 【第2類医薬品】 | L12: 【お取り寄せ】【第2類医薬品】★薬)久光製薬 ｱﾚｸﾞﾗFX 14錠 | N12: 【お取り寄せ】【第2類医薬品】★薬)久光製薬 アレグラFX 14錠 | Q12: 錠剤 花粉 アレルギー 鼻炎 医薬品 | R12: 【お取り寄せ】【第2類医薬品】★薬)久光製薬 アレグラFX 14錠 錠剤 花粉 アレルギー 鼻炎 医薬品 | S12: 久光製薬 | T12: 12 | U12: 箱 | V12: 131 | W12: 13110 | X12: 558751 | Y12: 40 | Z12: 医薬品 | AA12: 4010 | AB12: 鼻炎・アレルギー | AC12: 401010 | AD12: 花粉・アレルギー | AE12: 40101005 | AF12: 錠剤 | AG12: 170228
A13: 111 | B13: ココデカウ（楽天市場） | C13: 188438 | D13: R19303 | E13: =VLOOKUP(C13,[1]更新除外!$B:$F,5,0) -> #N/A | F13: =VLOOKUP(D13,[1]更新除外!$D:$F,3,0) -> #N/A | G13: ★薬)ﾛｰﾄ製薬/ｱﾙｶﾞｰﾄﾞ ｸｲｯｸﾁｭｱﾌﾞﾙ 15錠 | I13: 【お取り寄せ】 | J13: 【第2類医薬品】 | L13: 【お取り寄せ】【第2類医薬品】★薬)ﾛｰﾄ製薬 ｱﾙｶﾞｰﾄﾞ ｸｲｯｸﾁｭｱﾌﾞﾙ 15錠 | N13: 【お取り寄せ】【第2類医薬品】★薬)ロート製薬 アルガード クイックチュアブル 15錠 | Q13: 花粉 アレルギー 鼻炎 医薬品 | R13: 【お取り寄せ】【第2類医薬品】★薬)ロート製薬 アルガード クイックチュアブル 15錠 花粉 アレルギー 鼻炎 医薬品 | S13: ロート製薬 | T13: 12 | U13: 箱 | V13: 131 | W13: 13110 | X13: 558751 | Y13: 40 | Z13: 医薬品 | AA13: 4010 | AB13: 鼻炎・アレルギー | AC13: 401010 | AD13: 花粉・アレルギー | AE13: 40101090 | AF13: その他 | AG13: 160517
A14: 111 | B14: ココデカウ（楽天市場） | C14: 939171 | D14: R20206 | E14: =VLOOKUP(C14,[1]更新除外!$B:$F,5,0) -> #N/A | F14: =VLOOKUP(D14,[1]更新除外!$D:$F,3,0) -> #N/A | G14: 薬)共立薬品工業/ﾎﾟﾋﾟｸﾙX ｸｰﾙ&ｸｰﾙ 30ml | I14: 【お取り寄せ】 | J14: 【第3類医薬品】 | L14: 【お取り寄せ】【第3類医薬品】薬)共立薬品工業 ﾎﾟﾋﾟｸﾙX ｸｰﾙ&ｸｰﾙ 30ml | N14: 【お取り寄せ】【第3類医薬品】薬)共立薬品工業 ポピクルX クール&クール 30ml | Q14: スプレー のどの荒れ 炎症 せき のど うがい薬 医薬品 | R14: 【お取り寄せ】【第3類医薬品】薬)共立薬品工業 ポピクルX クール&クール 30ml スプレー のどの荒れ 炎症 せき のど うがい薬 医薬品 | S14: 共立薬品工業 | T14: 12 | U14: 本 | V14: 131 | W14: 13115 | X14: 553371 | Y14: 40 | Z14: 医薬品 | AA14: 4015 | AB14: せき・のど・うがい薬 | AC14: 401510 | AD14: のどの荒れ・炎症 | AE14: 40151025 | AF14: スプレー | AG14: 150121
A15: 111 | B15: ココデカウ（楽天市場） | C15: 938468 | D15: R19519 | E15: =VLOOKUP(C15,[1]更新除外!$B:$F,5,0) -> #N/A | F15: =VLOOKUP(D15,[1]更新除外!$D:$F,3,0) -> #N/A | G15: 薬)小林製薬/のどぬｰるｽﾌﾟﾚｰｷｯｽﾞC 15ml | I15: 【お取り寄せ】 | J15: 【第3類医薬品】 | L15: 【お取り寄せ】【第3類医薬品】薬)小林製薬 のどぬｰるｽﾌﾟﾚｰｷｯｽﾞC 15ml | N15: 【お取り寄せ】【第3類医薬品】薬)小林製薬 のどぬーるスプレーキッズC 15ml | Q15: スプレー のどの荒れ 炎症 せき のど うがい薬 医薬品 | R15: 【お取り寄せ】【第3類医薬品】薬)小林製薬 のどぬーるスプレーキッズC 15ml スプレー のどの荒れ 炎症 せき のど うがい薬 医薬品 | S15: 小林製薬 | T15: 12 | U15: 本 | V15: 131 | W15: 13115 | X15: 553371 | Y15: 40 | Z15: 医薬品 | AA15: 4015 | AB15: せき・のど・うがい薬 | AC15: 401510 | AD15: のどの荒れ・炎症 | AE15: 40151025 | AF15: スプレー | AG15: 150121
A16: 111 | B16: ココデカウ（楽天市場） | C16: 210654 | D16: 701826 | E16: =VLOOKUP(C16,[1]更新除外!$B:$F,5,0) -> 外部委託商品 | F16: =VLOOKUP(D16,[1]更新除外!$D:$F,3,0) -> 外部委託商品 | G16: 【法人限定】高白色 ｺﾋﾟｰ用紙 EX A4 5000枚 500枚×10 | H16: 【法人限定】高白色 ｺﾋﾟｰ用紙 EX A4 5000枚 500枚×10冊 Forestway | L16: 【法人限定】高白色 ｺﾋﾟｰ用紙 EX A4 5000枚 500枚×10冊 Forestway | M16: 【16時までの注文で翌日お届け】 | N16: 【法人限定】高白色 コピー用紙 EX A4 5000枚 500枚×10冊 Forestway | O16: コピー紙 印刷用紙 オフィス用品 大量印刷 事務用品 書類 FAX 両面 資料 印刷 実用品 備品 白コピー用紙 高品質 | P16: まとめ買い 業務用 箱売り 箱買い ケース買い | Q16: Ａ４サイズ コピー用紙 | R16: 【16時までの注文で翌日お届け】 【法人限定】高白色 コピー用紙 EX A4 5000枚 500枚×10冊 Forestway コピー紙 印刷用紙 オフィス用品 大量印刷 事務用品 書類 FAX 両面 資料 印刷 実用品 備品 白コピー用紙 高品質 まとめ買い 業務用 箱売り 箱買い ケース買い Ａ４サイズ コピー用紙 | S16: ﾌｫｰﾚｽﾄｵﾘｼﾞﾅﾙ | T16: 12 | U16: 箱 | V16: 401 | W16: 40104 | X16: 303145 | Y16: 1 | Z16: コピー用紙・ＯＡ用紙 | AA16: 105 | AB16: コピー用紙 | AC16: 10505 | AD16: Ａ４サイズ | AE16: 1050505 | AF16: 5000枚 | AG16: 241221
A17: 111 | B17: ココデカウ（楽天市場） | C17: 624959 | D17: 766492 | E17: =VLOOKUP(C17,[1]更新除外!$B:$F,5,0) -> #N/A | F17: =VLOOKUP(D17,[1]更新除外!$D:$F,3,0) -> #N/A | G17: 春日製紙/ｺｱ･ﾕｰｽ 無包装170m 48ﾛｰﾙ/K-S170 | L17: 春日製紙 ｺｱ･ﾕｰｽ 無包装170m 48ﾛｰﾙ K-S170 | M17: トイレットペーパー | N17: 春日製紙 コア・ユース 無包装170m 48ロール K-S170 | O17: 48巻 シングル 芯なし 1箱 箱買い 大容量 まとめ買い 業務用 買い置き ストック コアユース 長尺 なかなか減らない ゴミが出ない 巻きが長い 交換が少ない 省スペース 長く使える 長持ち 包装なし | Q17: 業務用パック トイレットペーパー | R17: トイレットペーパー 春日製紙 コア・ユース 無包装170m 48ロール K-S170 48巻 シングル 芯なし 1箱 箱買い 大容量 まとめ買い 業務用 買い置き ストック コアユース 長尺 なかなか減らない ゴミが出ない 巻きが長い 交換が少ない 省スペース 長く使える 長持ち 包装なし 業務用パック トイレットペーパー | S17: 春日製紙 | T17: 12 | U17: 箱 | V17: 403 | W17: 40301 | X17: 501098 | Y17: 13 | Z17: 日用品・防災用品 | AA17: 1305 | AB17: 紙製品 | AC17: 130520 | AD17: トイレットペーパー | AE17: 13052005 | AF17: 業務用パック | AG17: 850101
A18: 111 | B18: ココデカウ（楽天市場） | C18: 507591 | D18: R47948 | E18: =VLOOKUP(C18,[1]更新除外!$B:$F,5,0) -> #N/A | F18: =VLOOKUP(D18,[1]更新除外!$D:$F,3,0) -> sku対応 | G18: ﾌｧｰｽﾄﾚｲﾄ/ﾚｷﾞｭﾗｰｺｯﾌﾟ 7ｵﾝｽ 無地 1000個/FR-278 | H18: ﾌｧｰｽﾄﾚｲﾄ/ﾚｷﾞｭﾗｰｺｯﾌﾟ 7ｵﾝｽ 無地 1000個/FR-278 | L18: ﾌｧｰｽﾄﾚｲﾄ ﾚｷﾞｭﾗｰｺｯﾌﾟ 7ｵﾝｽ 無地 1000個 FR-278 | M18: 紙コップ | N18: ファーストレイト レギュラーコップ 7オンス 無地 1000個 FR-278 | O18: 使い捨て コップ 業務用 まとめ買い 大量買い 箱買い アウトドア レジャー BBQ 試飲 休憩 休憩室 休憩所 病院 法人 備品 アメニティ | Q18: 無地 紙コップ 使いきり食器 キッチン テーブル | R18: 紙コップ ファーストレイト レギュラーコップ 7オンス 無地 1000個 FR-278 使い捨て コップ 業務用 まとめ買い 大量買い 箱買い アウトドア レジャー BBQ 試飲 休憩 休憩室 休憩所 病院 法人 備品 アメニティ 無地 紙コップ 使いきり食器 キッチン テーブル | S18: ファーストレイト | T18: 12 | U18: 箱 | V18: 403 | W18: 40309 | X18: 215980 | Y18: 14 | Z18: キッチン・テーブル用品 | AA18: 1420 | AB18: 使いきり食器 | AC18: 142010 | AD18: 紙コップ | AE18: 14201005 | AF18: 無地 | AG18: 190122
A19: 111 | B19: ココデカウ（楽天市場） | C19: JW9838 | D19: RK4915 | E19: =VLOOKUP(C19,[1]更新除外!$B:$F,5,0) -> #N/A | F19: =VLOOKUP(D19,[1]更新除外!$D:$F,3,0) -> #N/A | G19: ｷﾝｸﾞｼﾞﾑ/ｽﾀｯｸﾊﾞｽｹｯﾄ ﾍﾞｰｼﾞｭ 15個/KSP002S-BE | I19: 【お取り寄せ】 | L19: 【お取り寄せ】ｷﾝｸﾞｼﾞﾑ ｽﾀｯｸﾊﾞｽｹｯﾄ ﾍﾞｰｼﾞｭ 15個 KSP002S-BE | N19: 【お取り寄せ】キングジム スタックバスケット ベージュ 15個 KSP002S-BE | P19: まとめ買い 箱買い 買いだめ 買い置き 業務用 | Q19: 収納家具 インテリア 収納 | R19: 【お取り寄せ】キングジム スタックバスケット ベージュ 15個 KSP002S-BE まとめ買い 箱買い 買いだめ 買い置き 業務用 収納家具 インテリア 収納 | S19: キングジム | T19: 12 | U19: 箱 | V19: 405 | W19: 40504 | X19: 406605 | Y19: 21 | Z19: インテリア・寝具・収納 | AA19: 2105 | AB19: 収納家具 | AC19: 210590 | AD19: その他収納 | AE19: 21059005 | AF19: その他収納 | AG19: 210902
A20: 111 | B20: ココデカウ（楽天市場） | C20: 171245 | D20: R4845E | E20: =VLOOKUP(C20,[1]更新除外!$B:$F,5,0) -> #N/A | F20: =VLOOKUP(D20,[1]更新除外!$D:$F,3,0) -> #N/A | G20: ｼｽﾃﾑﾎﾟﾘﾏｰ/石灰石約25%を使用したｴｺﾎﾟﾘ袋 30L 50枚*30 | I20: 【お取り寄せ】 | L20: 【お取り寄せ】ｼｽﾃﾑﾎﾟﾘﾏｰ 石灰石約25%を使用したｴｺﾎﾟﾘ袋 30L 50枚*30 | N20: 【お取り寄せ】システムポリマー 石灰石約25%を使用したエコポリ袋 30L 50枚*30 | P20: まとめ買い 箱買い 買いだめ 買い置き 業務用 | Q20: 半透明タイプ ゴミ袋 ゴミ箱 清掃 | R20: 【お取り寄せ】システムポリマー 石灰石約25%を使用したエコポリ袋 30L 50枚*30 まとめ買い 箱買い 買いだめ 買い置き 業務用 半透明タイプ ゴミ袋 ゴミ箱 清掃 | S20: システムポリマー | T20: 12 | U20: 箱 | V20: 403 | W20: 40302 | X20: 216044 | Y20: 12 | Z20: 洗剤・清掃 | AA20: 1225 | AB20: ゴミ袋、ゴミ箱 | AC20: 122505 | AD20: ゴミ袋 | AE20: 12250505 | AF20: 半透明タイプ | AG20: 221222
A21: 111 | B21: ココデカウ（楽天市場） | C21: J19029 | D21: R65975 | E21: =VLOOKUP(C21,[1]更新除外!$B:$F,5,0) -> #N/A | F21: =VLOOKUP(D21,[1]更新除外!$D:$F,3,0) -> #N/A | G21: ﾄﾝﾎﾞ鉛筆/液体のり ｱｸｱﾋﾟｯﾄ 15本/HCA-311 | I21: 【お取り寄せ】 | L21: 【お取り寄せ】ﾄﾝﾎﾞ鉛筆 液体のり ｱｸｱﾋﾟｯﾄ 15本 HCA-311 | N21: 【お取り寄せ】トンボ鉛筆 液体のり アクアピット 15本 HCA-311 | O21: 工作のり 学校 | Q21: スティックのり のり 接着剤 切る 貼る 留める 文具 事務 | R21: 【お取り寄せ】トンボ鉛筆 液体のり アクアピット 15本 HCA-311 工作のり 学校 スティックのり のり 接着剤 切る 貼る 留める 文具 事務 | S21: トンボ鉛筆 | T21: 13 | U21: ｾｯﾄ | V21: 401 | W21: 40106 | X21: 301683 | Y21: 6 | Z21: 文具・事務用品 | AA21: 605 | AB21: 切る、貼る、留める用品 | AC21: 60510 | AD21: のり／接着剤 | AE21: 6051005 | AF21: スティックのり | AG21: 191022
A22: 111 | B22: ココデカウ（楽天市場） | C22: J16439 | D22: R63101 | E22: =VLOOKUP(C22,[1]更新除外!$B:$F,5,0) -> #N/A | F22: =VLOOKUP(D22,[1]更新除外!$D:$F,3,0) -> #N/A | G22: ｺｸﾖ/ｽﾃｨｯｸのり 四角 しっかり貼る S 20個/ﾀ-G301N-1P | I22: 【お取り寄せ】 | L22: 【お取り寄せ】ｺｸﾖ ｽﾃｨｯｸのり 四角 しっかり貼る S 20個 ﾀ-G301N-1P | N22: 【お取り寄せ】コクヨ スティックのり 四角 しっかり貼る S 20個 タ-G301N-1P | O22: かわいい おしゃれ 幼稚園 小学校 保育園 業務用 まとめ買い 大容量 工作のり 学校 | Q22: スティックのり のり 接着剤 切る 貼る 留める 文具 事務 | R22: 【お取り寄せ】コクヨ スティックのり 四角 しっかり貼る S 20個 タ-G301N-1P かわいい おしゃれ 幼稚園 小学校 保育園 業務用 まとめ買い 大容量 工作のり 学校 スティックのり のり 接着剤 切る 貼る 留める 文具 事務 | S22: コクヨ | T22: 13 | U22: 包 | V22: 401 | W22: 40106 | X22: 301683 | Y22: 6 | Z22: 文具・事務用品 | AA22: 605 | AB22: 切る、貼る、留める用品 | AC22: 60510 | AD22: のり／接着剤 | AE22: 6051005 | AF22: スティックのり | AG22: 190722
A23: 111 | B23: ココデカウ（楽天市場） | C23: 603602 | D23: 753891 | E23: =VLOOKUP(C23,[1]更新除外!$B:$F,5,0) -> #N/A | F23: =VLOOKUP(D23,[1]更新除外!$D:$F,3,0) -> sku対応 | G23: ｸﾗﾌﾄ封筒 角6 85g／ｍ2 100枚/K85-K6 | H23: ｸﾗﾌﾄ封筒 角6 85g／ｍ2 100枚/K85-K6 | L23: ｸﾗﾌﾄ封筒 角6 85g／ｍ2 100枚 K85-K6 | N23: クラフト封筒 角6 85g／ｍ2 100枚 K85-K6 | O23: 角6封筒 | Q23: 角６ Ａ５判用 角タイプ封筒 ノート | R23: クラフト封筒 角6 85g／ｍ2 100枚 K85-K6 角6封筒 角６ Ａ５判用 角タイプ封筒 ノート | S23: ツバメ工業 | T23: 12 | U23: ﾊﾟｯｸ | V23: 401 | W23: 40110 | X23: 301621 | Y23: 4 | Z23: ノート・紙製品 | AA23: 430 | AB23: 封筒 | AC23: 43005 | AD23: 角タイプ封筒 | AE23: 4300535 | AF23: 角６（Ａ５判用） | AG23: 850101
A24: 111 | B24: ココデカウ（楽天市場） | C24: 603604 | D24: 753892 | E24: =VLOOKUP(C24,[1]更新除外!$B:$F,5,0) -> 外部委託商品 | F24: =VLOOKUP(D24,[1]更新除外!$D:$F,3,0) -> sku対応 | G24: ｸﾗﾌﾄ封筒 角6 85g／ｍ2 1000枚/K85-K6 | L24: ｸﾗﾌﾄ封筒 角6 85g／ｍ2 1000枚 K85-K6 | N24: クラフト封筒 角6 85g／ｍ2 1000枚 K85-K6 | O24: 角6封筒 A5封筒 郵便番号枠なし | P24: まとめ買い 箱買い 買いだめ 買い置き 業務用 | Q24: 角６ Ａ５判用 角タイプ封筒 ノート | R24: クラフト封筒 角6 85g／ｍ2 1000枚 K85-K6 角6封筒 A5封筒 郵便番号枠なし まとめ買い 箱買い 買いだめ 買い置き 業務用 角６ Ａ５判用 角タイプ封筒 ノート | S24: ツバメ工業 | T24: 12 | U24: 箱 | V24: 401 | W24: 40110 | X24: 301621 | Y24: 4 | Z24: ノート・紙製品 | AA24: 430 | AB24: 封筒 | AC24: 43005 | AD24: 角タイプ封筒 | AE24: 4300535 | AF24: 角６（Ａ５判用） | AG24: 850101
A25: 111 | B25: ココデカウ（楽天市場） | C25: 603598 | D25: 753888 | E25: =VLOOKUP(C25,[1]更新除外!$B:$F,5,0) -> #N/A | F25: =VLOOKUP(D25,[1]更新除外!$D:$F,3,0) -> sku対応 | G25: ｸﾗﾌﾄ封筒 角4 85g／ｍ2 500枚/K85-K4 | L25: ｸﾗﾌﾄ封筒 角4 85g／ｍ2 500枚 K85-K4 | N25: クラフト封筒 角4 85g／ｍ2 500枚 K85-K4 | O25: B5封筒 テープ無し 郵便番号枠なし | Q25: 角４ Ｂ５判用 角タイプ封筒 ノート | R25: クラフト封筒 角4 85g／ｍ2 500枚 K85-K4 B5封筒 テープ無し 郵便番号枠なし 角４ Ｂ５判用 角タイプ封筒 ノート | S25: ツバメ工業 | T25: 13 | U25: 箱 | V25: 401 | W25: 40110 | X25: 301621 | Y25: 4 | Z25: ノート・紙製品 | AA25: 430 | AB25: 封筒 | AC25: 43005 | AD25: 角タイプ封筒 | AE25: 4300525 | AF25: 角４（Ｂ５判用） | AG25: 850101
A26: 111 | B26: ココデカウ（楽天市場） | C26: 603598 | D26: 753887 | E26: =VLOOKUP(C26,[1]更新除外!$B:$F,5,0) -> #N/A | F26: =VLOOKUP(D26,[1]更新除外!$D:$F,3,0) -> sku対応 | G26: ｸﾗﾌﾄ封筒 角4 85g／ｍ2 100枚/K85-K4 | L26: ｸﾗﾌﾄ封筒 角4 85g／ｍ2 100枚 K85-K4 | N26: クラフト封筒 角4 85g／ｍ2 100枚 K85-K4 | O26: B5封筒 テープ無し 郵便番号枠なし | Q26: 角４ Ｂ５判用 角タイプ封筒 ノート | R26: クラフト封筒 角4 85g／ｍ2 100枚 K85-K4 B5封筒 テープ無し 郵便番号枠なし 角４ Ｂ５判用 角タイプ封筒 ノート | S26: ツバメ工業 | T26: 12 | U26: ﾊﾟｯｸ | V26: 401 | W26: 40110 | X26: 301621 | Y26: 4 | Z26: ノート・紙製品 | AA26: 430 | AB26: 封筒 | AC26: 43005 | AD26: 角タイプ封筒 | AE26: 4300525 | AF26: 角４（Ｂ５判用） | AG26: 850101
A27: 111 | B27: ココデカウ（楽天市場） | C27: 603596 | D27: 753886 | E27: =VLOOKUP(C27,[1]更新除外!$B:$F,5,0) -> #N/A | F27: =VLOOKUP(D27,[1]更新除外!$D:$F,3,0) -> sku対応 | G27: ｸﾗﾌﾄ封筒 角3 85g／ｍ2 500枚/K85-K3 | L27: ｸﾗﾌﾄ封筒 角3 85g／ｍ2 500枚 K85-K3 | N27: クラフト封筒 角3 85g／ｍ2 500枚 K85-K3 | O27: B5封筒 郵便番号枠なし | P27: まとめ買い 箱買い 買いだめ 買い置き 業務用 | Q27: 角３ Ｂ５判 書籍雑誌用 角タイプ封筒 ノート | R27: クラフト封筒 角3 85g／ｍ2 500枚 K85-K3 B5封筒 郵便番号枠なし まとめ買い 箱買い 買いだめ 買い置き 業務用 角３ Ｂ５判 書籍雑誌用 角タイプ封筒 ノート | S27: ツバメ工業 | T27: 13 | U27: 箱 | V27: 401 | W27: 40110 | X27: 301621 | Y27: 4 | Z27: ノート・紙製品 | AA27: 430 | AB27: 封筒 | AC27: 43005 | AD27: 角タイプ封筒 | AE27: 4300520 | AF27: 角３（Ｂ５判・書籍雑誌用） | AG27: 850101
A28: 111 | B28: ココデカウ（楽天市場） | C28: 626678 | D28: 767568 | E28: =VLOOKUP(C28,[1]更新除外!$B:$F,5,0) -> #N/A | F28: =VLOOKUP(D28,[1]更新除外!$D:$F,3,0) -> sku対応 | G28: ｾﾞﾌﾞﾗ/ﾏｯｷｰｹｱ 極細 詰替ﾀｲﾌﾟ ﾋﾟﾝｸ/YYTS5-P | H28: ｾﾞﾌﾞﾗ/ﾏｯｷｰｹｱ 極細 詰替ﾀｲﾌﾟ ﾋﾟﾝｸ/YYTS5-P | L28: ｾﾞﾌﾞﾗ ﾏｯｷｰｹｱ 極細 詰替ﾀｲﾌﾟ ﾋﾟﾝｸ YYTS5-P | N28: ゼブラ マッキーケア 極細 詰替タイプ ピンク YYTS5-P | Q28: マッキー ゼブラ 油性ペン 油性マーカー | R28: ゼブラ マッキーケア 極細 詰替タイプ ピンク YYTS5-P マッキー ゼブラ 油性ペン 油性マーカー | S28: ｾﾞﾌﾞﾗ | T28: 12 | U28: 本 | V28: 401 | W28: 40103 | X28: 567257 | Y28: 5 | Z28: 筆記用具 | AA28: 535 | AB28: 油性ペン／油性マーカー | AC28: 53505 | AD28: マッキー（ゼブラ） | AE28: 5350590 | AF28: その他の色 | AG28: 850101
A29: 111 | B29: ココデカウ（楽天市場） | C29: 626680 | D29: 767569 | E29: =VLOOKUP(C29,[1]更新除外!$B:$F,5,0) -> #N/A | F29: =VLOOKUP(D29,[1]更新除外!$D:$F,3,0) -> sku対応 | G29: ｾﾞﾌﾞﾗ/ﾏｯｷｰｹｱ 極細 詰替ﾀｲﾌﾟ 紫/YYTS5-PU | H29: ｾﾞﾌﾞﾗ/ﾏｯｷｰｹｱ 極細 詰替ﾀｲﾌﾟ 紫/YYTS5-PU | L29: ｾﾞﾌﾞﾗ ﾏｯｷｰｹｱ 極細 詰替ﾀｲﾌﾟ 紫 YYTS5-PU | N29: ゼブラ マッキーケア 極細 詰替タイプ 紫 YYTS5-PU | Q29: マッキー ゼブラ 油性ペン 油性マーカー | R29: ゼブラ マッキーケア 極細 詰替タイプ 紫 YYTS5-PU マッキー ゼブラ 油性ペン 油性マーカー | S29: ｾﾞﾌﾞﾗ | T29: 12 | U29: 本 | V29: 401 | W29: 40103 | X29: 567257 | Y29: 5 | Z29: 筆記用具 | AA29: 535 | AB29: 油性ペン／油性マーカー | AC29: 53505 | AD29: マッキー（ゼブラ） | AE29: 5350590 | AF29: その他の色 | AG29: 850101
A30: 111 | B30: ココデカウ（楽天市場） | C30: 626676 | D30: 767567 | E30: =VLOOKUP(C30,[1]更新除外!$B:$F,5,0) -> #N/A | F30: =VLOOKUP(D30,[1]更新除外!$D:$F,3,0) -> sku対応 | G30: ｾﾞﾌﾞﾗ/ﾏｯｷｰｹｱ 極細 詰替ﾀｲﾌﾟ 緑/YYTS5-G | H30: ｾﾞﾌﾞﾗ/ﾏｯｷｰｹｱ 極細 詰替ﾀｲﾌﾟ 緑/YYTS5-G | L30: ｾﾞﾌﾞﾗ ﾏｯｷｰｹｱ 極細 詰替ﾀｲﾌﾟ 緑 YYTS5-G | N30: ゼブラ マッキーケア 極細 詰替タイプ 緑 YYTS5-G | Q30: マッキー ゼブラ 油性ペン 油性マーカー | R30: ゼブラ マッキーケア 極細 詰替タイプ 緑 YYTS5-G マッキー ゼブラ 油性ペン 油性マーカー | S30: ｾﾞﾌﾞﾗ | T30: 12 | U30: 本 | V30: 401 | W30: 40103 | X30: 567257 | Y30: 5 | Z30: 筆記用具 | AA30: 535 | AB30: 油性ペン／油性マーカー | AC30: 53505 | AD30: マッキー（ゼブラ） | AE30: 5350590 | AF30: その他の色 | AG30: 850101
A31: 111 | B31: ココデカウ（楽天市場） | C31: 612726 | D31: 770003 | E31: =VLOOKUP(C31,[1]更新除外!$B:$F,5,0) -> #N/A | F31: =VLOOKUP(D31,[1]更新除外!$D:$F,3,0) -> sku対応 | G31: ｾﾞﾌﾞﾗ/ﾏｯｷｰｹｱ 極細 詰替ﾀｲﾌﾟ 青 10本/YYTS5-BL | H31: ｾﾞﾌﾞﾗ/ﾏｯｷｰｹｱ 極細 詰替ﾀｲﾌﾟ 青 10本/YYTS5-BL | L31: ｾﾞﾌﾞﾗ ﾏｯｷｰｹｱ 極細 詰替ﾀｲﾌﾟ 青 10本 YYTS5-BL | N31: ゼブラ マッキーケア 極細 詰替タイプ 青 10本 YYTS5-BL | Q31: 青 ブルー系 マッキー ゼブラ 油性ペン 油性マーカー | R31: ゼブラ マッキーケア 極細 詰替タイプ 青 10本 YYTS5-BL 青 ブルー系 マッキー ゼブラ 油性ペン 油性マーカー | S31: ｾﾞﾌﾞﾗ | T31: 13 | U31: 箱 | V31: 401 | W31: 40103 | X31: 567257 | Y31: 5 | Z31: 筆記用具 | AA31: 535 | AB31: 油性ペン／油性マーカー | AC31: 53505 | AD31: マッキー（ゼブラ） | AE31: 5350514 | AF31: 青（ブルー系） | AG31: 850101
A32: 111 | B32: ココデカウ（楽天市場） | C32: 612726 | D32: 762261 | E32: =VLOOKUP(C32,[1]更新除外!$B:$F,5,0) -> #N/A | F32: =VLOOKUP(D32,[1]更新除外!$D:$F,3,0) -> sku対応 | G32: ｾﾞﾌﾞﾗ/ﾏｯｷｰｹｱ 極細 詰替ﾀｲﾌﾟ 青/YYTS5-BL | H32: ｾﾞﾌﾞﾗ/ﾏｯｷｰｹｱ 極細 詰替ﾀｲﾌﾟ 青/YYTS5-BL | L32: ｾﾞﾌﾞﾗ ﾏｯｷｰｹｱ 極細 詰替ﾀｲﾌﾟ 青 YYTS5-BL | N32: ゼブラ マッキーケア 極細 詰替タイプ 青 YYTS5-BL | Q32: 青 ブルー系 マッキー ゼブラ 油性ペン 油性マーカー | R32: ゼブラ マッキーケア 極細 詰替タイプ 青 YYTS5-BL 青 ブルー系 マッキー ゼブラ 油性ペン 油性マーカー | S32: ｾﾞﾌﾞﾗ | T32: 12 | U32: 本 | V32: 401 | W32: 40103 | X32: 567257 | Y32: 5 | Z32: 筆記用具 | AA32: 535 | AB32: 油性ペン／油性マーカー | AC32: 53505 | AD32: マッキー（ゼブラ） | AE32: 5350514 | AF32: 青（ブルー系） | AG32: 850101
A33: 111 | B33: ココデカウ（楽天市場） | C33: 626681 | D33: 767570 | E33: =VLOOKUP(C33,[1]更新除外!$B:$F,5,0) -> #N/A | F33: =VLOOKUP(D33,[1]更新除外!$D:$F,3,0) -> sku対応 | G33: ｾﾞﾌﾞﾗ/ﾏｯｷｰｹｱ 極細 詰替ﾀｲﾌﾟ 茶/YYTS5-E | H33: ｾﾞﾌﾞﾗ/ﾏｯｷｰｹｱ 極細 詰替ﾀｲﾌﾟ 茶/YYTS5-E | L33: ｾﾞﾌﾞﾗ ﾏｯｷｰｹｱ 極細 詰替ﾀｲﾌﾟ 茶 YYTS5-E | N33: ゼブラ マッキーケア 極細 詰替タイプ 茶 YYTS5-E | Q33: 茶色 ブラウン系 マッキー ゼブラ 油性ペン 油性マーカー | R33: ゼブラ マッキーケア 極細 詰替タイプ 茶 YYTS5-E 茶色 ブラウン系 マッキー ゼブラ 油性ペン 油性マーカー | S33: ｾﾞﾌﾞﾗ | T33: 12 | U33: 本 | V33: 401 | W33: 40103 | X33: 567257 | Y33: 5 | Z33: 筆記用具 | AA33: 535 | AB33: 油性ペン／油性マーカー | AC33: 53505 | AD33: マッキー（ゼブラ） | AE33: 5350530 | AF33: 茶色（ブラウン系） | AG33: 850101
A34: 111 | B34: ココデカウ（楽天市場） | C34: 612725 | D34: 768488 | E34: =VLOOKUP(C34,[1]更新除外!$B:$F,5,0) -> #N/A | F34: =VLOOKUP(D34,[1]更新除外!$D:$F,3,0) -> sku対応 | G34: ｾﾞﾌﾞﾗ/ﾏｯｷｰｹｱ 極細 詰替ﾀｲﾌﾟ 赤 10本/YYTS5-R | H34: ｾﾞﾌﾞﾗ/ﾏｯｷｰｹｱ 極細 詰替ﾀｲﾌﾟ 赤 10本/YYTS5-R | L34: ｾﾞﾌﾞﾗ ﾏｯｷｰｹｱ 極細 詰替ﾀｲﾌﾟ 赤 10本 YYTS5-R | N34: ゼブラ マッキーケア 極細 詰替タイプ 赤 10本 YYTS5-R | Q34: 赤 レッド系 マッキー ゼブラ 油性ペン 油性マーカー | R34: ゼブラ マッキーケア 極細 詰替タイプ 赤 10本 YYTS5-R 赤 レッド系 マッキー ゼブラ 油性ペン 油性マーカー | S34: ｾﾞﾌﾞﾗ | T34: 13 | U34: 箱 | V34: 401 | W34: 40103 | X34: 567257 | Y34: 5 | Z34: 筆記用具 | AA34: 535 | AB34: 油性ペン／油性マーカー | AC34: 53505 | AD34: マッキー（ゼブラ） | AE34: 5350509 | AF34: 赤（レッド系） | AG34: 850101
A35: 111 | B35: ココデカウ（楽天市場） | C35: 612725 | D35: 762260 | E35: =VLOOKUP(C35,[1]更新除外!$B:$F,5,0) -> #N/A | F35: =VLOOKUP(D35,[1]更新除外!$D:$F,3,0) -> sku対応 | G35: ｾﾞﾌﾞﾗ/ﾏｯｷｰｹｱ 極細 詰替ﾀｲﾌﾟ 赤/YYTS5-R | H35: ｾﾞﾌﾞﾗ/ﾏｯｷｰｹｱ 極細 詰替ﾀｲﾌﾟ 赤/YYTS5-R | L35: ｾﾞﾌﾞﾗ ﾏｯｷｰｹｱ 極細 詰替ﾀｲﾌﾟ 赤 YYTS5-R | N35: ゼブラ マッキーケア 極細 詰替タイプ 赤 YYTS5-R | Q35: 赤 レッド系 マッキー ゼブラ 油性ペン 油性マーカー | R35: ゼブラ マッキーケア 極細 詰替タイプ 赤 YYTS5-R 赤 レッド系 マッキー ゼブラ 油性ペン 油性マーカー | S35: ｾﾞﾌﾞﾗ | T35: 12 | U35: 本 | V35: 401 | W35: 40103 | X35: 567257 | Y35: 5 | Z35: 筆記用具 | AA35: 535 | AB35: 油性ペン／油性マーカー | AC35: 53505 | AD35: マッキー（ゼブラ） | AE35: 5350509 | AF35: 赤（レッド系） | AG35: 850101
A36: 111 | B36: ココデカウ（楽天市場） | C36: 612724 | D36: 754114 | E36: =VLOOKUP(C36,[1]更新除外!$B:$F,5,0) -> #N/A | F36: =VLOOKUP(D36,[1]更新除外!$D:$F,3,0) -> sku対応 | G36: ｾﾞﾌﾞﾗ/ﾏｯｷｰｹｱ 極細 詰替ﾀｲﾌﾟ 黒/YYTS5-BK | H36: ｾﾞﾌﾞﾗ/ﾏｯｷｰｹｱ 極細 詰替ﾀｲﾌﾟ 黒/YYTS5-BK | L36: ｾﾞﾌﾞﾗ ﾏｯｷｰｹｱ 極細 詰替ﾀｲﾌﾟ 黒 YYTS5-BK | N36: ゼブラ マッキーケア 極細 詰替タイプ 黒 YYTS5-BK | Q36: 黒 ブラック系 マッキー ゼブラ 油性ペン 油性マーカー | R36: ゼブラ マッキーケア 極細 詰替タイプ 黒 YYTS5-BK 黒 ブラック系 マッキー ゼブラ 油性ペン 油性マーカー | S36: ｾﾞﾌﾞﾗ | T36: 12 | U36: 本 | V36: 401 | W36: 40103 | X36: 567257 | Y36: 5 | Z36: 筆記用具 | AA36: 535 | AB36: 油性ペン／油性マーカー | AC36: 53505 | AD36: マッキー（ゼブラ） | AE36: 5350504 | AF36: 黒（ブラック系） | AG36: 850101
A37: 111 | B37: ココデカウ（楽天市場） | C37: 612724 | D37: 750947 | E37: =VLOOKUP(C37,[1]更新除外!$B:$F,5,0) -> #N/A | F37: =VLOOKUP(D37,[1]更新除外!$D:$F,3,0) -> sku対応 | G37: ｾﾞﾌﾞﾗ/ﾏｯｷｰｹｱ 極細 詰替ﾀｲﾌﾟ 黒 10本/YYTS5-BK | H37: ｾﾞﾌﾞﾗ/ﾏｯｷｰｹｱ 極細 詰替ﾀｲﾌﾟ 黒 10本/YYTS5-BK | L37: ｾﾞﾌﾞﾗ ﾏｯｷｰｹｱ 極細 詰替ﾀｲﾌﾟ 黒 10本 YYTS5-BK | N37: ゼブラ マッキーケア 極細 詰替タイプ 黒 10本 YYTS5-BK | Q37: 黒 ブラック系 マッキー ゼブラ 油性ペン 油性マーカー | R37: ゼブラ マッキーケア 極細 詰替タイプ 黒 10本 YYTS5-BK 黒 ブラック系 マッキー ゼブラ 油性ペン 油性マーカー | S37: ｾﾞﾌﾞﾗ | T37: 13 | U37: 箱 | V37: 401 | W37: 40103 | X37: 567257 | Y37: 5 | Z37: 筆記用具 | AA37: 535 | AB37: 油性ペン／油性マーカー | AC37: 53505 | AD37: マッキー（ゼブラ） | AE37: 5350504 | AF37: 黒（ブラック系） | AG37: 850101
A38: 111 | B38: ココデカウ（楽天市場） | C38: J710LY | D38: R6905B | E38: =VLOOKUP(C38,[1]更新除外!$B:$F,5,0) -> 外部委託商品 | F38: =VLOOKUP(D38,[1]更新除外!$D:$F,3,0) -> 外部委託商品 | G38: ｱｲﾘｽｵｰﾔﾏ/ｺﾝﾋﾞﾈｰｼｮﾝｻｰｸﾙ 93×65×122 ｳｫｰﾙﾅｯﾄ | I38: 【メーカー直送】 | K38: 【代引不可】【お客様組立】 | L38: 【メーカー直送】ｱｲﾘｽｵｰﾔﾏ ｺﾝﾋﾞﾈｰｼｮﾝｻｰｸﾙ 93×65×122 ｳｫｰﾙﾅｯﾄ【代引不可】【お客様組立】 | N38: 【メーカー直送】アイリスオーヤマ コンビネーションサークル 93×65×122 ウォールナット【代引不可】【お客様組立】 | O38: 猫用ケージ2段 | Q38: サークル 犬 ドッグ用 ペット お散歩 生活グッズ ペットハウス | R38: 【メーカー直送】アイリスオーヤマ コンビネーションサークル 93×65×122 ウォールナット【代引不可】【お客様組立】 猫用ケージ2段 サークル 犬 ドッグ用 ペット お散歩 生活グッズ ペットハウス | S38: ｱｲﾘｽｵｰﾔﾏ | T38: 12 | U38: 台 | V38: 409 | W38: 40906 | X38: 206193 | Y38: 22 | Z38: ペット・ガーデニング | AA38: 2230 | AB38: ペット用品／お散歩・生活グッズ・ペットハウス | AC38: 223005 | AD38: 犬（ドッグ）用 | AE38: 22300505 | AF38: サークル | AG38: 220723
A39: 111 | B39: ココデカウ（楽天市場） | C39: 120631 | D39: R14132 | E39: =VLOOKUP(C39,[1]更新除外!$B:$F,5,0) -> 外部委託商品 | F39: =VLOOKUP(D39,[1]更新除外!$D:$F,3,0) -> 外部委託商品 | G39: ｿﾆｯｸ/暗証番号ｷｰﾎﾞｯｸｽ ﾃﾝｷｰ式 24個吊/KS-7121 | L39: ｿﾆｯｸ 暗証番号ｷｰﾎﾞｯｸｽ ﾃﾝｷｰ式 24個吊 KS-7121 | N39: ソニック 暗証番号キーボックス テンキー式 24個吊 KS-7121 | O39: テンキー 暗証番号 暗証番号鍵 鍵入れボックス 鍵保管庫 | Q39: キーボックス キーホルダー 名札 | R39: ソニック 暗証番号キーボックス テンキー式 24個吊 KS-7121 テンキー 暗証番号 暗証番号鍵 鍵入れボックス 鍵保管庫 キーボックス キーホルダー 名札 | S39: ソニック | T39: 12 | U39: 台 | V39: 403 | W39: 40307 | X39: 567528 | Y39: 6 | Z39: 文具・事務用品 | AA39: 615 | AB39: 名札、キーホルダー | AC39: 61510 | AD39: キーホルダー、キーボックス | AE39: 6151015 | AF39: キーボックス | AG39: 150721
A40: 111 | B40: ココデカウ（楽天市場） | C40: 210656 | D40: 705572 | E40: =VLOOKUP(C40,[1]更新除外!$B:$F,5,0) -> 外部委託商品 | F40: =VLOOKUP(D40,[1]更新除外!$D:$F,3,0) -> 外部委託商品 | G40: 【法人限定】高白色 ｺﾋﾟｰ用紙 EX A4 2500枚 500枚×5 | H40: 【法人限定】高白色 ｺﾋﾟｰ用紙 EX A4 2500枚 500枚×5冊 Forestway | L40: 【法人限定】高白色 ｺﾋﾟｰ用紙 EX A4 2500枚 500枚×5冊 Forestway | N40: 【法人限定】高白色 コピー用紙 EX A4 2500枚 500枚×5冊 Forestway | O40: コピー紙 印刷用紙 オフィス用品 大量印刷 事務用品 書類 FAX 両面 資料 印刷 実用品 備品 白コピー用紙 高品質 | P40: まとめ買い 業務用 箱売り 箱買い ケース買い | R40: 【法人限定】高白色 コピー用紙 EX A4 2500枚 500枚×5冊 Forestway コピー紙 印刷用紙 オフィス用品 大量印刷 事務用品 書類 FAX 両面 資料 印刷 実用品 備品 白コピー用紙 高品質 まとめ買い 業務用 箱売り 箱買い ケース買い | S40: ﾌｫｰﾚｽﾄｵﾘｼﾞﾅﾙ | T40: 12 | U40: 箱 | V40: 401 | W40: 40104 | X40: 303145 | Y40: 1 | Z40: コピー用紙・ＯＡ用紙 | AA40: 105 | AB40: コピー用紙 | AC40: 10505 | AD40: Ａ４サイズ | AE40: 1050510 | AF40: 2500枚 | AG40: 241221
A41: 111 | B41: ココデカウ（楽天市場） | C41: 588099 | D41: 294939 | E41: =VLOOKUP(C41,[1]更新除外!$B:$F,5,0) -> #N/A | F41: =VLOOKUP(D41,[1]更新除外!$D:$F,3,0) -> sku対応 | G41: KEYDOORS+ﾘｷｯﾄﾞｺｰﾋｰ ﾃﾄﾗﾌﾟﾘｽﾞﾏ 無糖 1000ml×12本 | L41: KEYDOORS+ﾘｷｯﾄﾞｺｰﾋｰ ﾃﾄﾗﾌﾟﾘｽﾞﾏ 無糖 1000ml×12本 | N41: KEYDOORS+リキッドコーヒー テトラプリズマ 無糖 1000ml×12本 | P41: まとめ買い 箱買い 買いだめ 買い置き 業務用 | Q41: パックコーヒー 紙パック コーヒー 飲料 | R41: KEYDOORS+リキッドコーヒー テトラプリズマ 無糖 1000ml×12本 まとめ買い 箱買い 買いだめ 買い置き 業務用 パックコーヒー 紙パック コーヒー 飲料 | S41: キーコーヒー | T41: 12 | U41: ｾｯﾄ | V41: 406 | W41: 40601 | X41: 408254 | Y41: 15 | Z41: 食品・飲料 | AA41: 1511 | AB41: コーヒー | AC41: 151115 | AD41: 紙パック | AE41: 15111505 | AF41: パックコーヒー | AG41: 131129
A42: 111 | B42: ココデカウ（楽天市場） | C42: 507591 | D42: R47948 | E42: =VLOOKUP(C42,[1]更新除外!$B:$F,5,0) -> #N/A | F42: =VLOOKUP(D42,[1]更新除外!$D:$F,3,0) -> sku対応 | G42: ﾌｧｰｽﾄﾚｲﾄ/ﾚｷﾞｭﾗｰｺｯﾌﾟ 7ｵﾝｽ 無地 1000個/FR-278 | H42: ﾌｧｰｽﾄﾚｲﾄ/ﾚｷﾞｭﾗｰｺｯﾌﾟ 7ｵﾝｽ 無地 1000個/FR-278 | L42: ﾌｧｰｽﾄﾚｲﾄ ﾚｷﾞｭﾗｰｺｯﾌﾟ 7ｵﾝｽ 無地 1000個 FR-278 | M42: 紙コップ | N42: ファーストレイト レギュラーコップ 7オンス 無地 1000個 FR-278 | O42: 使い捨て コップ 業務用 まとめ買い 大量買い 箱買い アウトドア レジャー BBQ 試飲 休憩 休憩室 休憩所 病院 法人 備品 アメニティ | Q42: 無地 紙コップ 使いきり食器 キッチン テーブル | R42: 紙コップ ファーストレイト レギュラーコップ 7オンス 無地 1000個 FR-278 使い捨て コップ 業務用 まとめ買い 大量買い 箱買い アウトドア レジャー BBQ 試飲 休憩 休憩室 休憩所 病院 法人 備品 アメニティ 無地 紙コップ 使いきり食器 キッチン テーブル | S42: ファーストレイト | T42: 12 | U42: 箱 | V42: 403 | W42: 40309 | X42: 215980 | Y42: 14 | Z42: キッチン・テーブル用品 | AA42: 1420 | AB42: 使いきり食器 | AC42: 142010 | AD42: 紙コップ | AE42: 14201005 | AF42: 無地 | AG42: 190122
A43: 111 | B43: ココデカウ（楽天市場） | C43: J1931W | D43: R798JS | E43: =VLOOKUP(C43,[1]更新除外!$B:$F,5,0) -> 商品名欄にご利用いただけない文字が入力されています。 | F43: =VLOOKUP(D43,[1]更新除外!$D:$F,3,0) -> 商品名欄にご利用いただけない文字が入力されています。 | G43: 高森ｺｰｷ/ﾜｰﾙﾄﾞﾎﾞｽ 見やすい上皿自動秤 2kg/MYM-2 | H43: 高森ｺｰｷ/ﾜｰﾙﾄﾞﾎﾞｽ 見やすい上皿自動秤 2kg/MYM-2 | I43: 【お取り寄せ】 | L43: 【お取り寄せ】高森ｺｰｷ ﾜｰﾙﾄﾞﾎﾞｽ 見やすい上皿自動秤 2kg MYM-2 | N43: 【お取り寄せ】高森コーキ ワールドボス 見やすい上皿自動秤 2kg MYM-2 | Q43: はかり 測定 計測 作業 | R43: 【お取り寄せ】高森コーキ ワールドボス 見やすい上皿自動秤 2kg MYM-2 はかり 測定 計測 作業 | S43: 高森ｺｰｷ | T43: 12 | U43: 個 | V43: 422 | W43: 42204 | X43: 565371 | Y43: 17 | Z43: 梱包・作業用品 | AA43: 1715 | AB43: 作業用品 | AC43: 171515 | AD43: 計測用品 | AE43: 17151510 | AF43: はかり（測定用品） | AG43: 241114
A44: 111 | B44: ココデカウ（楽天市場） | C44: JA6211 | D44: R057KA | E44: =VLOOKUP(C44,[1]更新除外!$B:$F,5,0) -> 商品名欄にご利用いただけない文字が入力されています。 | F44: =VLOOKUP(D44,[1]更新除外!$D:$F,3,0) -> 商品名欄にご利用いただけない文字が入力されています。 | G44: 尾崎酒造/備長炭のしらべ 梅酒 13度 720ml | H44: 尾崎酒造/備長炭のしらべ 梅酒 13度 720ml | I44: 【お取り寄せ】 | L44: 【お取り寄せ】尾崎酒造 備長炭のしらべ 梅酒 13度 720ml | N44: 【お取り寄せ】尾崎酒造 備長炭のしらべ 梅酒 13度 720ml | Q44: 梅酒 リキュール お酒 | R44: 【お取り寄せ】尾崎酒造 備長炭のしらべ 梅酒 13度 720ml 梅酒 リキュール お酒 | S44: 尾崎酒造 | T44: 12 | U44: 本 | V44: 406 | W44: 40627 | X44: 510903 | Y44: 25 | Z44: お酒 | AA44: 2545 | AB44: リキュール | AC44: 254505 | AD44: 梅酒 | AE44: 25450505 | AF44: 梅酒 | AG44: 201130
A45: 111 | B45: ココデカウ（楽天市場） | C45: JQ6284 | D45: RY7285 | E45: =VLOOKUP(C45,[1]更新除外!$B:$F,5,0) -> #N/A | F45: =VLOOKUP(D45,[1]更新除外!$D:$F,3,0) -> #N/A | G45: ｱｽﾞﾜﾝ/ｶﾗｰﾍﾟｰﾙ(ｷｬｽﾀｰ付き)70L ｸﾞﾚｰ/CK-70 | H45: ｱｽﾞﾜﾝ/ｶﾗｰﾍﾟｰﾙ(ｷｬｽﾀｰ付き)70L ｸﾞﾚｰ/CK-70 | I45: 【お取り寄せ】 | L45: 【お取り寄せ】ｱｽﾞﾜﾝ ｶﾗｰﾍﾟｰﾙ(ｷｬｽﾀｰ付き)70L ｸﾞﾚｰ CK-70 | N45: 【お取り寄せ】アズワン カラーペール(キャスター付き)70L グレー CK-70 | O45: 大型ごみ箱 キャスター付き | R45: 【お取り寄せ】アズワン カラーペール(キャスター付き)70L グレー CK-70 大型ごみ箱 キャスター付き | S45: アズワン | T45: 12 | U45: 個 | V45: 422 | W45: 42209 | X45: 101870 | Y45: 46 | Z45: 研究用総合機器用品 | AA45: 4619 | AB45: 洗浄・滅菌・清掃 | AC45: 461910 | AD45: 清掃 | AE45: 46191011 | AF45: ゴミ箱・針ボックス | AG45: 210427
A46: 111 | B46: ココデカウ（楽天市場） | C46: JD5207 | D46: RW3072 | E46: =VLOOKUP(C46,[1]更新除外!$B:$F,5,0) -> #N/A | F46: =VLOOKUP(D46,[1]更新除外!$D:$F,3,0) -> #N/A | G46: ﾅｶﾞｲﾚｰﾍﾞﾝ/一重四角巾 450×450mm/Ad90100-544 | H46: ﾅｶﾞｲﾚｰﾍﾞﾝ/一重四角巾 450×450mm/Ad90100-544 | I46: 【お取り寄せ】 | L46: 【お取り寄せ】ﾅｶﾞｲﾚｰﾍﾞﾝ 一重四角巾 450×450mm Ad90100-544 | N46: 【お取り寄せ】ナガイレーベン 一重四角巾 450×450mm Ad90100-544 | R46: 【お取り寄せ】ナガイレーベン 一重四角巾 450×450mm Ad90100-544 | S46: ナガイレーベン | T46: 12 | U46: 枚 | V46: 420 | W46: 42003 | X46: 101870 | Y46: 44 | Z46: 医療・介護 | AA46: 4412 | AB46: 医療材料 | AC46: 441217 | AD46: ドレープ | AE46: 44121713 | AF46: 滅菌ドレープ | AG46: 210414
A47: 111 | B47: ココデカウ（楽天市場） | C47: JE3838 | D47: RW1679 | E47: =VLOOKUP(C47,[1]更新除外!$B:$F,5,0) -> #N/A | F47: =VLOOKUP(D47,[1]更新除外!$D:$F,3,0) -> #N/A | G47: 松本製器/ｶｽﾄｼｰﾄ 200×70mm用/No.21 | H47: 松本製器/ｶｽﾄｼｰﾄ 200×70mm用/No.21 | I47: 【お取り寄せ】 | L47: 【お取り寄せ】松本製器 ｶｽﾄｼｰﾄ 200×70mm用 No.21 | N47: 【お取り寄せ】松本製器 カストシート 200×70mm用 No.21 | R47: 【お取り寄せ】松本製器 カストシート 200×70mm用 No.21 | S47: 松本製器 | T47: 12 | U47: 袋 | V47: 420 | W47: 42009 | X47: 101870 | Y47: 44 | Z47: 医療・介護 | AA47: 4418 | AB47: 手術室・中央材料室 | AC47: 441814 | AD47: 滅菌・消毒・洗浄 ＞ カスト等 | AE47: 44181410 | AF47: カスト | AG47: 210414
A48: 111 | B48: ココデカウ（楽天市場） | C48: JQ7181 | D48: RW6630 | E48: =VLOOKUP(C48,[1]更新除外!$B:$F,5,0) -> #N/A | F48: =VLOOKUP(D48,[1]更新除外!$D:$F,3,0) -> #N/A | G48: ｱｲｵﾝ/ﾍﾞﾙｸﾘﾝﾓｯﾌﾟ 450×1300mm/MFM-S | H48: ｱｲｵﾝ/ﾍﾞﾙｸﾘﾝﾓｯﾌﾟ 450×1300mm/MFM-S | I48: 【お取り寄せ】 | L48: 【お取り寄せ】ｱｲｵﾝ ﾍﾞﾙｸﾘﾝﾓｯﾌﾟ 450×1300mm MFM-S | N48: 【お取り寄せ】アイオン ベルクリンモップ 450×1300mm MFM-S | R48: 【お取り寄せ】アイオン ベルクリンモップ 450×1300mm MFM-S | S48: アイオン | T48: 12 | U48: 個 | V48: 422 | W48: 42209 | X48: 101870 | Y48: 46 | Z48: 研究用総合機器用品 | AA48: 4619 | AB48: 洗浄・滅菌・清掃 | AC48: 461910 | AD48: 清掃 | AE48: 46191013 | AF48: 掃除・清掃用品 | AG48: 210415
A49: 111 | B49: ココデカウ（楽天市場） | C49: J8620L | D49: R1070M | E49: =VLOOKUP(C49,[1]更新除外!$B:$F,5,0) -> #N/A | F49: =VLOOKUP(D49,[1]更新除外!$D:$F,3,0) -> #N/A | G49: ｴｽｺ/ﾀｲﾔﾌﾞﾗｼ ｸﾞﾘｯﾌﾟ付 120×120×100mm/EA928AG-543 | H49: ｴｽｺ/ﾀｲﾔﾌﾞﾗｼ ｸﾞﾘｯﾌﾟ付 120×120×100mm/EA928AG-543 | I49: 【お取り寄せ】 | L49: 【お取り寄せ】ｴｽｺ ﾀｲﾔﾌﾞﾗｼ ｸﾞﾘｯﾌﾟ付 120×120×100mm EA928AG-543 | N49: 【お取り寄せ】エスコ タイヤブラシ グリップ付 120×120×100mm EA928AG-543 | R49: 【お取り寄せ】エスコ タイヤブラシ グリップ付 120×120×100mm EA928AG-543 | S49: エスコ | T49: 12 | U49: 個 | V49: 423 | W49: 42304 | X49: 101870 | Y49: 46 | Z49: 研究用総合機器用品 | AA49: 4619 | AB49: 洗浄・滅菌・清掃 | AC49: 461910 | AD49: 清掃 | AE49: 46191012 | AF49: ブラシ・刷毛 | AG49: 211029
A50: 111 | B50: ココデカウ（楽天市場） | C50: JE4061 | D50: RW2280 | E50: =VLOOKUP(C50,[1]更新除外!$B:$F,5,0) -> #N/A | F50: =VLOOKUP(D50,[1]更新除外!$D:$F,3,0) -> #N/A | G50: ｱｽﾞﾜﾝ/ﾌﾞﾗｼ 注射器用 小 195×21×40 1本入 | H50: ｱｽﾞﾜﾝ/ﾌﾞﾗｼ 注射器用 小 195×21×40 1本入 | I50: 【お取り寄せ】 | L50: 【お取り寄せ】ｱｽﾞﾜﾝ ﾌﾞﾗｼ 注射器用 小 195×21×40 1本入 | N50: 【お取り寄せ】アズワン ブラシ 注射器用 小 195×21×40 1本入 | R50: 【お取り寄せ】アズワン ブラシ 注射器用 小 195×21×40 1本入 | S50: アズワン | T50: 12 | U50: 本 | V50: 420 | W50: 42009 | X50: 101870 | Y50: 44 | Z50: 医療・介護 | AA50: 4418 | AB50: 手術室・中央材料室 | AC50: 441817 | AD50: 滅菌・消毒・洗浄 ＞ 洗浄用品 | AE50: 44181710 | AF50: 洗浄器具・ブラシ | AG50: 210414
A51: 111 | B51: ココデカウ（楽天市場） | C51: JE4062 | D51: RW2281 | E51: =VLOOKUP(C51,[1]更新除外!$B:$F,5,0) -> #N/A | F51: =VLOOKUP(D51,[1]更新除外!$D:$F,3,0) -> #N/A | G51: ｱｽﾞﾜﾝ/ﾌﾞﾗｼ 注射器用 中 245×25×60 1本入 | H51: ｱｽﾞﾜﾝ/ﾌﾞﾗｼ 注射器用 中 245×25×60 1本入 | I51: 【お取り寄せ】 | L51: 【お取り寄せ】ｱｽﾞﾜﾝ ﾌﾞﾗｼ 注射器用 中 245×25×60 1本入 | N51: 【お取り寄せ】アズワン ブラシ 注射器用 中 245×25×60 1本入 | R51: 【お取り寄せ】アズワン ブラシ 注射器用 中 245×25×60 1本入 | S51: アズワン | T51: 12 | U51: 本 | V51: 420 | W51: 42009 | X51: 101891 | Y51: 44 | Z51: 医療・介護 | AA51: 4418 | AB51: 手術室・中央材料室 | AC51: 441817 | AD51: 滅菌・消毒・洗浄 ＞ 洗浄用品 | AE51: 44181710 | AF51: 洗浄器具・ブラシ | AG51: 210414
A52: 111 | B52: ココデカウ（楽天市場） | C52: 8632AM | D52: R316MZ | E52: =VLOOKUP(C52,[1]更新除外!$B:$F,5,0) -> #N/A | F52: =VLOOKUP(D52,[1]更新除外!$D:$F,3,0) -> #N/A | G52: ｻﾗﾔ/ｻﾗｻｲﾄﾞ除菌ｸﾛｽ 詰替ﾀｲﾌﾟ 480枚×4個入/67-3075-17 | H52: ｻﾗﾔ/ｻﾗｻｲﾄﾞ除菌ｸﾛｽ 詰替ﾀｲﾌﾟ 480枚×4個入/67-3075-17 | L52: ｻﾗﾔ ｻﾗｻｲﾄﾞ除菌ｸﾛｽ 詰替ﾀｲﾌﾟ 480枚×4個入 67-3075-17 | N52: サラヤ サラサイド除菌クロス 詰替タイプ 480枚×4個入 67-3075-17 | R52: サラヤ サラサイド除菌クロス 詰替タイプ 480枚×4個入 67-3075-17 | S52: ｻﾗﾔ | T52: 12 | U52: ｹｰｽ | V52: 423 | W52: 42304 | X52: 508447 | Y52: 46 | Z52: 研究用総合機器用品 | AA52: 4619 | AB52: 洗浄・滅菌・清掃 | AC52: 461910 | AD52: 清掃 | AE52: 46191010 | AF52: クロス・ウエス・雑巾 | AG52: 260306
A53: 111 | B53: ココデカウ（楽天市場） | C53: JU5970 | D53: RZ0438 | E53: =VLOOKUP(C53,[1]更新除外!$B:$F,5,0) -> #N/A | F53: =VLOOKUP(D53,[1]更新除外!$D:$F,3,0) -> #N/A | G53: ｱｽﾞﾂｰﾙ/ｱｽﾞﾂｰﾙ粉石鹸(ﾋﾟﾝｸ石鹸)/APC-6 | H53: ｱｽﾞﾂｰﾙ/ｱｽﾞﾂｰﾙ粉石鹸(ﾋﾟﾝｸ石鹸)/APC-6 | L53: ｱｽﾞﾂｰﾙ ｱｽﾞﾂｰﾙ粉石鹸(ﾋﾟﾝｸ石鹸) APC-6 | N53: アズツール アズツール粉石鹸(ピンク石鹸) APC-6 | R53: アズツール アズツール粉石鹸(ピンク石鹸) APC-6 | S53: アズツール（アズワン） | T53: 12 | U53: 箱 | V53: 422 | W53: 42209 | X53: 101870 | Y53: 46 | Z53: 研究用総合機器用品 | AA53: 4619 | AB53: 洗浄・滅菌・清掃 | AC53: 461911 | AD53: 洗浄 | AE53: 46191111 | AF53: 洗剤・石鹸 | AG53: 210511
A54: 111 | B54: ココデカウ（楽天市場） | C54: 7365AM | D54: R154MY | E54: =VLOOKUP(C54,[1]更新除外!$B:$F,5,0) -> #N/A | F54: =VLOOKUP(D54,[1]更新除外!$D:$F,3,0) -> #N/A | G54: ｵｵｻｷﾒﾃﾞｨｶﾙ/検診用ﾛｰﾙｼｰﾂ NS3730 ｸﾞﾘｰﾝ 120回/84135 | H54: ｵｵｻｷﾒﾃﾞｨｶﾙ/検診用ﾛｰﾙｼｰﾂ NS3730 ｸﾞﾘｰﾝ 120回/84135 | L54: ｵｵｻｷﾒﾃﾞｨｶﾙ 検診用ﾛｰﾙｼｰﾂ NS3730 ｸﾞﾘｰﾝ 120回 84135 | N54: オオサキメディカル 検診用ロールシーツ NS3730 グリーン 120回 84135 | R54: オオサキメディカル 検診用ロールシーツ NS3730 グリーン 120回 84135 | S54: オオサキメディカル | T54: 12 | U54: 巻 | V54: 420 | W54: 42009 | X54: 568420 | Y54: 44 | Z54: 医療・介護 | AA54: 4418 | AB54: 手術室・中央材料室 | AC54: 441815 | AD54: 滅菌・消毒・洗浄 ＞ 消毒用品 | AE54: 44181510 | AF54: マット | AG54: 260218
A55: 111 | B55: ココデカウ（楽天市場） | C55: 630845 | D55: R35373 | E55: =VLOOKUP(C55,[1]更新除外!$B:$F,5,0) -> #N/A | F55: =VLOOKUP(D55,[1]更新除外!$D:$F,3,0) -> #N/A | G55: ★薬)久光製薬/ｱﾚｸﾞﾗFX 14錠 | I55: 【お取り寄せ】 | J55: 【第2類医薬品】 | L55: 【お取り寄せ】【第2類医薬品】★薬)久光製薬 ｱﾚｸﾞﾗFX 14錠 | N55: 【お取り寄せ】【第2類医薬品】★薬)久光製薬 アレグラFX 14錠 | Q55: 錠剤 花粉 アレルギー 鼻炎 医薬品 | R55: 【お取り寄せ】【第2類医薬品】★薬)久光製薬 アレグラFX 14錠 錠剤 花粉 アレルギー 鼻炎 医薬品 | S55: 久光製薬 | T55: 12 | U55: 箱 | V55: 131 | W55: 13110 | X55: 558751 | Y55: 40 | Z55: 医薬品 | AA55: 4010 | AB55: 鼻炎・アレルギー | AC55: 401010 | AD55: 花粉・アレルギー | AE55: 40101005 | AF55: 錠剤 | AG55: 170228
A56: 111 | B56: ココデカウ（楽天市場） | C56: 188438 | D56: R19303 | E56: =VLOOKUP(C56,[1]更新除外!$B:$F,5,0) -> #N/A | F56: =VLOOKUP(D56,[1]更新除外!$D:$F,3,0) -> #N/A | G56: ★薬)ﾛｰﾄ製薬/ｱﾙｶﾞｰﾄﾞ ｸｲｯｸﾁｭｱﾌﾞﾙ 15錠 | I56: 【お取り寄せ】 | J56: 【第2類医薬品】 | L56: 【お取り寄せ】【第2類医薬品】★薬)ﾛｰﾄ製薬 ｱﾙｶﾞｰﾄﾞ ｸｲｯｸﾁｭｱﾌﾞﾙ 15錠 | N56: 【お取り寄せ】【第2類医薬品】★薬)ロート製薬 アルガード クイックチュアブル 15錠 | Q56: 花粉 アレルギー 鼻炎 医薬品 | R56: 【お取り寄せ】【第2類医薬品】★薬)ロート製薬 アルガード クイックチュアブル 15錠 花粉 アレルギー 鼻炎 医薬品 | S56: ロート製薬 | T56: 12 | U56: 箱 | V56: 131 | W56: 13110 | X56: 558751 | Y56: 40 | Z56: 医薬品 | AA56: 4010 | AB56: 鼻炎・アレルギー | AC56: 401010 | AD56: 花粉・アレルギー | AE56: 40101090 | AF56: その他 | AG56: 160517
A57: 111 | B57: ココデカウ（楽天市場） | C57: JD2660 | D57: RW3674 | E57: =VLOOKUP(C57,[1]更新除外!$B:$F,5,0) -> #N/A | F57: =VLOOKUP(D57,[1]更新除外!$D:$F,3,0) -> #N/A | G57: ﾅｶﾊﾞﾔｼ/ﾀﾞｲﾔﾙ式ｷｰﾎﾞｯｸｽ 30個/NKB-D03 | H57: ﾅｶﾊﾞﾔｼ/ﾀﾞｲﾔﾙ式ｷｰﾎﾞｯｸｽ 30個/NKB-D03 | L57: ﾅｶﾊﾞﾔｼ ﾀﾞｲﾔﾙ式ｷｰﾎﾞｯｸｽ 30個 NKB-D03 | N57: ナカバヤシ ダイヤル式キーボックス 30個 NKB-D03 | O57: 暗証番号 暗証番号鍵 鍵入れボックス 鍵保管庫 | Q57: キーボックス 事務備品 医療 介護施設用家具 看護 | R57: ナカバヤシ ダイヤル式キーボックス 30個 NKB-D03 暗証番号 暗証番号鍵 鍵入れボックス 鍵保管庫 キーボックス 事務備品 医療 介護施設用家具 看護 | S57: ナカバヤシ | T57: 12 | U57: 個 | V57: 420 | W57: 42002 | X57: 101870 | Y57: 44 | Z57: 医療・介護 | AA57: 4411 | AB57: 医療・介護施設用家具 | AC57: 441112 | AD57: 事務備品 | AE57: 44111214 | AF57: キーボックス | AG57: 210414
A58: 111 | B58: ココデカウ（楽天市場） | C58: JE0925 | D58: RY9593 | E58: =VLOOKUP(C58,[1]更新除外!$B:$F,5,0) -> #N/A | F58: =VLOOKUP(D58,[1]更新除外!$D:$F,3,0) -> #N/A | G58: ｱｽﾞﾜﾝ/ﾌﾞﾁﾙｺﾞﾑ便器(ｴｱｰﾎﾟﾝﾌﾟ付)/MO502-IIR | H58: ｱｽﾞﾜﾝ/ﾌﾞﾁﾙｺﾞﾑ便器(ｴｱｰﾎﾟﾝﾌﾟ付)/MO502-IIR | I58: 【お取り寄せ】 | L58: 【お取り寄せ】ｱｽﾞﾜﾝ ﾌﾞﾁﾙｺﾞﾑ便器(ｴｱｰﾎﾟﾝﾌﾟ付) MO502-IIR | N58: 【お取り寄せ】アズワン ブチルゴム便器(エアーポンプ付) MO502-IIR | R58: 【お取り寄せ】アズワン ブチルゴム便器(エアーポンプ付) MO502-IIR | S58: アズワン | T58: 12 | U58: 個 | V58: 421 | W58: 42101 | X58: 101870 | Y58: 44 | Z58: 医療・介護 | AA58: 4423 | AB58: 介護・介助用品 | AC58: 442320 | AD58: 排泄ケア用品 | AE58: 44232018 | AF58: 便器 | AG58: 210429
A59: 111 | B59: ココデカウ（楽天市場） | C59: J9570H | D59: RJ9141 | E59: =VLOOKUP(C59,[1]更新除外!$B:$F,5,0) -> #N/A | F59: =VLOOKUP(D59,[1]更新除外!$D:$F,3,0) -> #N/A | G59: ﾐﾖｼ石鹸/無添加せっけん 泡のﾎﾞﾃﾞｨｿｰﾌﾟ ｽﾊﾟｳﾄ 1L×9個 | I59: 【メーカー直送】 | K59: 【代引不可】 | L59: 【メーカー直送】ﾐﾖｼ石鹸 無添加せっけん 泡のﾎﾞﾃﾞｨｿｰﾌﾟ ｽﾊﾟｳﾄ 1L×9個【代引不可】 | N59: 【メーカー直送】ミヨシ石鹸 無添加せっけん 泡のボディソープ スパウト 1L×9個【代引不可】 | P59: まとめ買い 箱買い 買いだめ 買い置き 業務用 | Q59: ボディソープ バス ボディケア スキンケア | R59: 【メーカー直送】ミヨシ石鹸 無添加せっけん 泡のボディソープ スパウト 1L×9個【代引不可】 まとめ買い 箱買い 買いだめ 買い置き 業務用 ボディソープ バス ボディケア スキンケア | S59: ミヨシ石鹸 | T59: 12 | U59: 箱 | V59: 407 | W59: 40703 | X59: 100962 | Y59: 13 | Z59: 日用品・防災用品 | AA59: 1310 | AB59: スキンケア | AC59: 131035 | AD59: バス・ボディケア | AE59: 13103505 | AF59: ボディソープ | AG59: 211109
A60: 111 | B60: ココデカウ（楽天市場） | C60: 386769 | D60: RF0405 | E60: =VLOOKUP(C60,[1]更新除外!$B:$F,5,0) -> 外部委託商品 | F60: =VLOOKUP(D60,[1]更新除外!$D:$F,3,0) -> 外部委託商品 | G60: ｸﾚｼｱ/ｽｺｯﾃｨ ﾃｨｯｼｭ 200組 5箱×12ﾊﾟｯｸ(1ｹｰｽ) | H60: ｸﾚｼｱ/ｽｺｯﾃｨ ﾃｨｯｼｭ 200組 5箱×12ﾊﾟｯｸ(1ｹｰｽ) | L60: ｸﾚｼｱ ｽｺｯﾃｨ ﾃｨｯｼｭ 200組 5箱×12ﾊﾟｯｸ(1ｹｰｽ) | N60: クレシア スコッティ ティッシュ 200組 5箱×12パック(1ケース) | O60: 60箱 まとめ買い 業務用 大容量 ボックスティッシュ 60箱 スコッティー | Q60: ティッシュペーパー | R60: クレシア スコッティ ティッシュ 200組 5箱×12パック(1ケース) 60箱 まとめ買い 業務用 大容量 ボックスティッシュ 60箱 スコッティー ティッシュペーパー | S60: クレシア | T60: 12 | U60: 箱 | V60: 408 | W60: 40801 | X60: 100670 | Y60: 13 | Z60: 日用品・防災用品 | AA60: 1305 | AB60: 紙製品 | AC60: 130505 | AD60: ティッシュペーパー | AE60: 13050505 | AF60: ティッシュペーパー | AG60: 201209
A61: 111 | B61: ココデカウ（楽天市場） | C61: J83569 | D61: RD2639 | E61: =VLOOKUP(C61,[1]更新除外!$B:$F,5,0) -> #N/A | F61: =VLOOKUP(D61,[1]更新除外!$D:$F,3,0) -> #N/A | G61: ｿﾆｯｸ/ﾘｱﾅﾃｨｱﾗ ｱﾙﾛｯｸ筆入 両面ｽﾘﾑ ｸﾗｼｯｸ ﾈｲﾋﾞｰ | I61: 【お取り寄せ】 | L61: 【お取り寄せ】ｿﾆｯｸ ﾘｱﾅﾃｨｱﾗ ｱﾙﾛｯｸ筆入 両面ｽﾘﾑ ｸﾗｼｯｸ ﾈｲﾋﾞｰ | N61: 【お取り寄せ】ソニック リアナティアラ アルロック筆入 両面スリム クラシック ネイビー | O61: 小学生 一年生 女の子 男の子 箱型 おしゃれ かわいい | Q61: ペン立て ペンスタンド ペンケース デスクトップ収納 デスク周り 文具 | R61: 【お取り寄せ】ソニック リアナティアラ アルロック筆入 両面スリム クラシック ネイビー 小学生 一年生 女の子 男の子 箱型 おしゃれ かわいい ペン立て ペンスタンド ペンケース デスクトップ収納 デスク周り 文具 | S61: ソニック | T61: 12 | U61: 個 | V61: 401 | W61: 40112 | X61: 301713 | Y61: 6 | Z61: 文具・事務用品 | AA61: 610 | AB61: デスク周り用品 | AC61: 61005 | AD61: デスクトップ収納 | AE61: 6100525 | AF61: ペン立て／ペンスタンド／ペンケース | AG61: 200701
A62: 111 | B62: ココデカウ（楽天市場） | C62: J598SC | D62: R793GL | E62: =VLOOKUP(C62,[1]更新除外!$B:$F,5,0) -> #N/A | F62: =VLOOKUP(D62,[1]更新除外!$D:$F,3,0) -> #N/A | G62: ｽﾏｰﾄﾊﾞﾘｭｰ/ｶﾗｰﾍﾟｰﾊﾟｰ A3 桃 500枚/A266J-7 | I62: 【お取り寄せ】 | L62: 【お取り寄せ】ｽﾏｰﾄﾊﾞﾘｭｰ ｶﾗｰﾍﾟｰﾊﾟｰ A3 桃 500枚 A266J-7 | N62: 【お取り寄せ】スマートバリュー カラーペーパー A3 桃 500枚 A266J-7 | O62: まとめ買い 業務用 500 500枚 コピー用紙A3 a3コピー用紙 A3コピ-用紙 a3 カラー ピンク 事務用品 プリンター用紙 レーザープリンター用紙 インクジェット 業務用コピー用紙 両面コピー用紙 両面印刷 印刷用紙 紙 用紙 | Q62: Ａ３サイズ ピンク系 桃 カラーコピー用紙 | R62: 【お取り寄せ】スマートバリュー カラーペーパー A3 桃 500枚 A266J-7 まとめ買い 業務用 500 500枚 コピー用紙A3 a3コピー用紙 A3コピ-用紙 a3 カラー ピンク 事務用品 プリンター用紙 レーザープリンター用紙 インクジェット 業務用コピー用紙 両面コピー用紙 両面印刷 印刷用紙 紙 用紙 Ａ３サイズ ピンク系 桃 カラーコピー用紙 | S62: スマートバリュー | T62: 12 | U62: 冊 | V62: 401 | W62: 40104 | X62: 565206 | Y62: 1 | Z62: コピー用紙・ＯＡ用紙 | AA62: 110 | AB62: カラーコピー用紙 | AC62: 11005 | AD62: コピー用紙（ピンク系／桃） | AE62: 1100520 | AF62: Ａ３サイズ | AG62: 231027
A63: 111 | B63: ココデカウ（楽天市場） | C63: 207385 | D63: R676GF | E63: =VLOOKUP(C63,[1]更新除外!$B:$F,5,0) -> #N/A | F63: =VLOOKUP(D63,[1]更新除外!$D:$F,3,0) -> #N/A | G63: 北越ｺｰﾎﾟﾚｰｼｮﾝ/ﾆｭｰﾌｧｲﾝｶﾗｰ A3 ﾗｲﾄｸﾘｰﾑ 500枚×3冊 | I63: 【お取り寄せ】 | L63: 【お取り寄せ】北越ｺｰﾎﾟﾚｰｼｮﾝ ﾆｭｰﾌｧｲﾝｶﾗｰ A3 ﾗｲﾄｸﾘｰﾑ 500枚×3冊 | N63: 【お取り寄せ】北越コーポレーション ニューファインカラー A3 ライトクリーム 500枚×3冊 | O63: まとめ買い 業務用 箱売り 箱買い ケース買い A3用紙 a3 コピー用紙 A3コピー用紙 | Q63: Ａ３サイズ イエロー系 黄 カラーコピー用紙 | R63: 【お取り寄せ】北越コーポレーション ニューファインカラー A3 ライトクリーム 500枚×3冊 まとめ買い 業務用 箱売り 箱買い ケース買い A3用紙 a3 コピー用紙 A3コピー用紙 Ａ３サイズ イエロー系 黄 カラーコピー用紙 | S63: 北越コーポレーション | T63: 12 | U63: 箱 | V63: 401 | W63: 40104 | X63: 303145 | Y63: 1 | Z63: コピー用紙・ＯＡ用紙 | AA63: 110 | AB63: カラーコピー用紙 | AC63: 11015 | AD63: コピー用紙（イエロー系／黄） | AE63: 1101520 | AF63: Ａ３サイズ | AG63: 231214
A64: 111 | B64: ココデカウ（楽天市場） | C64: 207485 | D64: R686GF | E64: =VLOOKUP(C64,[1]更新除外!$B:$F,5,0) -> #N/A | F64: =VLOOKUP(D64,[1]更新除外!$D:$F,3,0) -> #N/A | G64: 北越ｺｰﾎﾟﾚｰｼｮﾝ/ﾆｭｰﾌｧｲﾝｶﾗｰ B4 ｸﾘｰﾑ 500枚×5冊 | I64: 【お取り寄せ】 | L64: 【お取り寄せ】北越ｺｰﾎﾟﾚｰｼｮﾝ ﾆｭｰﾌｧｲﾝｶﾗｰ B4 ｸﾘｰﾑ 500枚×5冊 | N64: 【お取り寄せ】北越コーポレーション ニューファインカラー B4 クリーム 500枚×5冊 | O64: まとめ買い 業務用 箱売り 箱買い ケース買い | Q64: Ｂ４サイズ イエロー系 黄 カラーコピー用紙 | R64: 【お取り寄せ】北越コーポレーション ニューファインカラー B4 クリーム 500枚×5冊 まとめ買い 業務用 箱売り 箱買い ケース買い Ｂ４サイズ イエロー系 黄 カラーコピー用紙 | S64: 北越コーポレーション | T64: 12 | U64: 箱 | V64: 401 | W64: 40104 | X64: 303145 | Y64: 1 | Z64: コピー用紙・ＯＡ用紙 | AA64: 110 | AB64: カラーコピー用紙 | AC64: 11015 | AD64: コピー用紙（イエロー系／黄） | AE64: 1101515 | AF64: Ｂ４サイズ | AG64: 231214
A65: 111 | B65: ココデカウ（楽天市場） | C65: 636463 | D65: 751677 | E65: =VLOOKUP(C65,[1]更新除外!$B:$F,5,0) -> #N/A | F65: =VLOOKUP(D65,[1]更新除外!$D:$F,3,0) -> #N/A | G65: 北越ｺｰﾎﾟﾚｰｼｮﾝ/ﾆｭｰﾌｧｲﾝｶﾗｰ A4 ｸﾞﾘｰﾝ 500枚×5冊 | I65: 【お取り寄せ】 | L65: 【お取り寄せ】北越ｺｰﾎﾟﾚｰｼｮﾝ ﾆｭｰﾌｧｲﾝｶﾗｰ A4 ｸﾞﾘｰﾝ 500枚×5冊 | N65: 【お取り寄せ】北越コーポレーション ニューファインカラー A4 グリーン 500枚×5冊 | O65: まとめ買い 業務用 箱売り 箱買い ケース買い コピー用紙A4 コピー用紙 a4 A4 2500枚 2500 カラー ライトグリーン 事務用品 コピー用紙 業務用コピー用紙 印刷用紙 A4コピ-用紙 | Q65: Ａ４サイズ グリーン系 緑 カラーコピー用紙 | R65: 【お取り寄せ】北越コーポレーション ニューファインカラー A4 グリーン 500枚×5冊 まとめ買い 業務用 箱売り 箱買い ケース買い コピー用紙A4 コピー用紙 a4 A4 2500枚 2500 カラー ライトグリーン 事務用品 コピー用紙 業務用コピー用紙 印刷用紙 A4コピ-用紙 Ａ４サイズ グリーン系 緑 カラーコピー用紙 | S65: 北越コーポレーション | T65: 12 | U65: 箱 | V65: 401 | W65: 40104 | X65: 303145 | Y65: 1 | Z65: コピー用紙・ＯＡ用紙 | AA65: 110 | AB65: カラーコピー用紙 | AC65: 11020 | AD65: コピー用紙（グリーン系／緑） | AE65: 1102010 | AF65: Ａ４サイズ | AG65: 850101
A66: 111 | B66: ココデカウ（楽天市場） | C66: JZ4185 | D66: R0746B | E66: =VLOOKUP(C66,[1]更新除外!$B:$F,5,0) -> #N/A | F66: =VLOOKUP(D66,[1]更新除外!$D:$F,3,0) -> #N/A | G66: 【一医1】ｵｵｻｷﾒﾃﾞｨｶﾙ/救急ｶﾞｰｾﾞ 大きめｻｲｽﾞ 15枚入 | H66: 【一医1】ｵｵｻｷﾒﾃﾞｨｶﾙ/救急ｶﾞｰｾﾞ 大きめｻｲｽﾞ 15枚入 | I66: 【お取り寄せ】 | L66: 【お取り寄せ】【一医1】ｵｵｻｷﾒﾃﾞｨｶﾙ 救急ｶﾞｰｾﾞ 大きめｻｲｽﾞ 15枚入 | N66: 【お取り寄せ】【一医1】オオサキメディカル 救急ガーゼ 大きめサイズ 15枚入 | R66: 【お取り寄せ】【一医1】オオサキメディカル 救急ガーゼ 大きめサイズ 15枚入 | S66: オオサキメディカル | T66: 12 | U66: 個 | V66: 420 | W66: 42003 | X66: 208243 | Y66: 44 | Z66: 医療・介護 | AA66: 4405 | AB66: ガーゼ・包帯・衛生材料 | AC66: 440511 | AD66: ガーゼ | AE66: 44051111 | AF66: ガーゼ | AG66: 220705
A67: 111 | B67: ココデカウ（楽天市場） | C67: JZ4179 | D67: R0740B | E67: =VLOOKUP(C67,[1]更新除外!$B:$F,5,0) -> #N/A | F67: =VLOOKUP(D67,[1]更新除外!$D:$F,3,0) -> #N/A | G67: 【一医1】ｻﾝﾒﾃﾞｨｶﾙ/ｶｺｰ ｶｯﾄｶﾞｰｾﾞ滅菌 L 100枚 | H67: 【一医1】ｻﾝﾒﾃﾞｨｶﾙ/ｶｺｰ ｶｯﾄｶﾞｰｾﾞ滅菌 L 100枚 | I67: 【お取り寄せ】 | L67: 【お取り寄せ】【一医1】ｻﾝﾒﾃﾞｨｶﾙ ｶｺｰ ｶｯﾄｶﾞｰｾﾞ滅菌 L 100枚 | N67: 【お取り寄せ】【一医1】サンメディカル カコー カットガーゼ滅菌 L 100枚 | R67: 【お取り寄せ】【一医1】サンメディカル カコー カットガーゼ滅菌 L 100枚 | S67: サンメディカル | T67: 12 | U67: 個 | V67: 420 | W67: 42003 | X67: 208243 | Y67: 44 | Z67: 医療・介護 | AA67: 4405 | AB67: ガーゼ・包帯・衛生材料 | AC67: 440511 | AD67: ガーゼ | AE67: 44051110 | AF67: 折りガーゼ | AG67: 220705
A68: 111 | B68: ココデカウ（楽天市場） | C68: JZ4180 | D68: R0741B | E68: =VLOOKUP(C68,[1]更新除外!$B:$F,5,0) -> #N/A | F68: =VLOOKUP(D68,[1]更新除外!$D:$F,3,0) -> #N/A | G68: 【一医1】ｻﾝﾒﾃﾞｨｶﾙ/ｶｺｰ ｶｯﾄｶﾞｰｾﾞ滅菌 M 100枚 | H68: 【一医1】ｻﾝﾒﾃﾞｨｶﾙ/ｶｺｰ ｶｯﾄｶﾞｰｾﾞ滅菌 M 100枚 | I68: 【お取り寄せ】 | L68: 【お取り寄せ】【一医1】ｻﾝﾒﾃﾞｨｶﾙ ｶｺｰ ｶｯﾄｶﾞｰｾﾞ滅菌 M 100枚 | N68: 【お取り寄せ】【一医1】サンメディカル カコー カットガーゼ滅菌 M 100枚 | R68: 【お取り寄せ】【一医1】サンメディカル カコー カットガーゼ滅菌 M 100枚 | S68: サンメディカル | T68: 12 | U68: 個 | V68: 420 | W68: 42003 | X68: 208243 | Y68: 44 | Z68: 医療・介護 | AA68: 4405 | AB68: ガーゼ・包帯・衛生材料 | AC68: 440511 | AD68: ガーゼ | AE68: 44051110 | AF68: 折りガーゼ | AG68: 220705
A69: 111 | B69: ココデカウ（楽天市場） | C69: JZ4560 | D69: R1121B | E69: =VLOOKUP(C69,[1]更新除外!$B:$F,5,0) -> #N/A | F69: =VLOOKUP(D69,[1]更新除外!$D:$F,3,0) -> #N/A | G69: 【管医1】ﾏｸﾞﾏｯｸｽ/ﾏｸﾞﾏｯｸｽ ﾌｯﾄｹｱ 2個入 | H69: 【管医1】ﾏｸﾞﾏｯｸｽ/ﾏｸﾞﾏｯｸｽ ﾌｯﾄｹｱ 2個入 | I69: 【お取り寄せ】 | L69: 【お取り寄せ】【管医1】ﾏｸﾞﾏｯｸｽ ﾏｸﾞﾏｯｸｽ ﾌｯﾄｹｱ 2個入 | N69: 【お取り寄せ】【管医1】マグマックス マグマックス フットケア 2個入 | Q69: フットケア バス ボディケア スキンケア | R69: 【お取り寄せ】【管医1】マグマックス マグマックス フットケア 2個入 フットケア バス ボディケア スキンケア | S69: マグマックス | T69: 12 | U69: 箱 | V69: 408 | W69: 40806 | X69: 216173 | Y69: 13 | Z69: 日用品・防災用品 | AA69: 1310 | AB69: スキンケア | AC69: 131035 | AD69: バス・ボディケア | AE69: 13103535 | AF69: フットケア | AG69: 220630
A70: 111 | B70: ココデカウ（楽天市場） | C70: JZ4559 | D70: R1120B | E70: =VLOOKUP(C70,[1]更新除外!$B:$F,5,0) -> #N/A | F70: =VLOOKUP(D70,[1]更新除外!$D:$F,3,0) -> #N/A | G70: 【管医1】ﾏｸﾞﾏｯｸｽ/ﾏｸﾞﾏｯｸｽ ｲﾝｿｰﾙ 女性用 2枚組 1足 | H70: 【管医1】ﾏｸﾞﾏｯｸｽ/ﾏｸﾞﾏｯｸｽ ｲﾝｿｰﾙ 女性用 2枚組 1足 | I70: 【お取り寄せ】 | L70: 【お取り寄せ】【管医1】ﾏｸﾞﾏｯｸｽ ﾏｸﾞﾏｯｸｽ ｲﾝｿｰﾙ 女性用 2枚組 1足 | N70: 【お取り寄せ】【管医1】マグマックス マグマックス インソール 女性用 2枚組 1足 | Q70: フットケア バス ボディケア スキンケア | R70: 【お取り寄せ】【管医1】マグマックス マグマックス インソール 女性用 2枚組 1足 フットケア バス ボディケア スキンケア | S70: マグマックス | T70: 12 | U70: 足 | V70: 408 | W70: 40806 | X70: 216173 | Y70: 13 | Z70: 日用品・防災用品 | AA70: 1310 | AB70: スキンケア | AC70: 131035 | AD70: バス・ボディケア | AE70: 13103535 | AF70: フットケア | AG70: 220630
A71: 111 | B71: ココデカウ（楽天市場） | C71: 9030AY | D71: R429NR | E71: =VLOOKUP(C71,[1]更新除外!$B:$F,5,0) -> #N/A | F71: =VLOOKUP(D71,[1]更新除外!$D:$F,3,0) -> #N/A | G71: ﾊﾞﾝﾀﾞｲ/ｳﾙﾄﾗｱｸｼｮﾝﾌｨｷﾞｭｱNEO ｳﾙﾄﾗﾏﾝｾﾞﾛｺｽﾓﾗｲｽﾞ | H71: ﾊﾞﾝﾀﾞｲ/ｳﾙﾄﾗｱｸｼｮﾝﾌｨｷﾞｭｱNEO ｳﾙﾄﾗﾏﾝｾﾞﾛｺｽﾓﾗｲｽﾞ | L71: ﾊﾞﾝﾀﾞｲ ｳﾙﾄﾗｱｸｼｮﾝﾌｨｷﾞｭｱNEO ｳﾙﾄﾗﾏﾝｾﾞﾛｺｽﾓﾗｲｽﾞ | N71: バンダイ ウルトラアクションフィギュアNEO ウルトラマンゼロコスモライズ | Q71: フィギュア アクションフィギュア ホビー おもちゃ ゲーム 誕プレ | R71: バンダイ ウルトラアクションフィギュアNEO ウルトラマンゼロコスモライズ フィギュア アクションフィギュア ホビー おもちゃ ゲーム 誕プレ | S71: バンダイ | T71: 12 | U71: 個 | V71: 418 | W71: 41801 | X71: 112203 | Y71: 49 | Z71: おもちゃ・ゲーム | AA71: 4950 | AB71: おもちゃ・ホビー | AC71: 495055 | AD71: ホビー | AE71: 49505505 | AF71: フィギュア・アクションフィギュア | AG71: 260724
A72: 111 | B72: ココデカウ（楽天市場） | C72: 3608BA | D72: R073NV | E72: =VLOOKUP(C72,[1]更新除外!$B:$F,5,0) -> #N/A | F72: =VLOOKUP(D72,[1]更新除外!$D:$F,3,0) -> #N/A | G72: ﾀｶﾗﾄﾐｰ/ﾄｲ･ｽﾄｰﾘｰ5 ﾘｱﾙｻｲｽﾞﾄｰｷﾝｸﾞﾌｨｷﾞｭｱ ﾊｲﾃｸ版 ﾊﾞｽﾞ・ | H72: ﾀｶﾗﾄﾐｰ/ﾄｲ･ｽﾄｰﾘｰ5 ﾘｱﾙｻｲｽﾞﾄｰｷﾝｸﾞﾌｨｷﾞｭｱ ﾊｲﾃｸ版 ﾊﾞｽﾞ・ﾗｲﾄｲﾔｰ | L72: ﾀｶﾗﾄﾐｰ ﾄｲ･ｽﾄｰﾘｰ5 ﾘｱﾙｻｲｽﾞﾄｰｷﾝｸﾞﾌｨｷﾞｭｱ ﾊｲﾃｸ版 ﾊﾞｽﾞ・ﾗｲﾄｲﾔｰ | N72: タカラトミー トイ・ストーリー5 リアルサイズトーキングフィギュア ハイテク版 バズ・ライトイヤー | Q72: フィギュア アクションフィギュア ホビー おもちゃ ゲーム 誕プレ | R72: タカラトミー トイ・ストーリー5 リアルサイズトーキングフィギュア ハイテク版 バズ・ライトイヤー フィギュア アクションフィギュア ホビー おもちゃ ゲーム 誕プレ | S72: タカラトミー | T72: 12 | U72: 個 | V72: 418 | W72: 41801 | X72: 112203 | Y72: 49 | Z72: おもちゃ・ゲーム | AA72: 4950 | AB72: おもちゃ・ホビー | AC72: 495055 | AD72: ホビー | AE72: 49505505 | AF72: フィギュア・アクションフィギュア | AG72: 260710
A73: 111 | B73: ココデカウ（楽天市場） | C73: 769554 | D73: 780221 | E73: =VLOOKUP(C73,[1]更新除外!$B:$F,5,0) -> #N/A | F73: =VLOOKUP(D73,[1]更新除外!$D:$F,3,0) -> #N/A | G73: 和光堂/本格派ﾐﾙｸｺｺｱ 16g×20包 | L73: 和光堂 本格派ﾐﾙｸｺｺｱ 16g×20包 | N73: 和光堂 本格派ミルクココア 16g×20包 | Q73: スティック ココア 紅茶 飲料 | R73: 和光堂 本格派ミルクココア 16g×20包 スティック ココア 紅茶 飲料 | S73: 和光堂 | T73: 12 | U73: 箱 | V73: 406 | W73: 40601 | X73: 502134 | Y73: 15 | Z73: 食品・飲料 | AA73: 1514 | AB73: 紅茶／ココア／その他 | AC73: 151410 | AD73: ココア | AE73: 15141010 | AF73: スティック | AG73: 850101
A74: 111 | B74: ココデカウ（楽天市場） | C74: J4749Y | D74: R340KS | E74: =VLOOKUP(C74,[1]更新除外!$B:$F,5,0) -> #N/A | F74: =VLOOKUP(D74,[1]更新除外!$D:$F,3,0) -> #N/A | G74: ﾃﾞﾙﾓﾝﾃ/ﾘｺﾋﾟﾝﾘｯﾁ ﾄﾏﾄ飲料 800mL×15本 | H74: ﾃﾞﾙﾓﾝﾃ/ﾘｺﾋﾟﾝﾘｯﾁ ﾄﾏﾄ飲料 800mL×15本 | L74: ﾃﾞﾙﾓﾝﾃ ﾘｺﾋﾟﾝﾘｯﾁ ﾄﾏﾄ飲料 800mL×15本 | N74: デルモンテ リコピンリッチ トマト飲料 800mL×15本 | Q74: ペットボトル 野菜ジュース 飲料 ジュース | R74: デルモンテ リコピンリッチ トマト飲料 800mL×15本 ペットボトル 野菜ジュース 飲料 ジュース | S74: デルモンテ | T74: 12 | U74: 箱 | V74: 406 | W74: 40601 | X74: 110692 | Y74: 15 | Z74: 食品・飲料 | AA74: 1518 | AB74: 飲料・ジュース | AC74: 151810 | AD74: 野菜ジュース | AE74: 15181010 | AF74: ペットボトル | AG74: 250408
